ISO-10303-21;
HEADER;
FILE_DESCRIPTION(('Zenith CAD Generated STEP File'),'2;1');
FILE_NAME('ZENITH_POLYLINE_PIPE.stp','2026-08-18T10:00:00',('Zenith CAD'),('Zenith CAD Kernel'),'Zenith CAD Kernel 0.1.0','Zenith CAD','');
FILE_SCHEMA(('AUTOMOTIVE_DESIGN { 1 0 10303 214 1 1 1 1 }'));
ENDSEC;
DATA;
#1 = APPLICATION_CONTEXT('core data for automotive mechanical design processes');
#2 = APPLICATION_PROTOCOL_DEFINITION('international standard','automotive_design',2000,#1);
#3 = PRODUCT_CONTEXT('',#1,'mechanical');
#4 = PRODUCT('ZENITH_POLYLINE_PIPE','ZENITH_POLYLINE_PIPE','',(#3));
#5 = PRODUCT_DEFINITION_FORMATION('','',#4);
#6 = PRODUCT_DEFINITION_CONTEXT('part definition',#1,'design');
#7 = PRODUCT_DEFINITION('design','',#5,#6);
#8 = PRODUCT_DEFINITION_SHAPE('','',#7);
#9 = ( LENGTH_UNIT() NAMED_UNIT(*) SI_UNIT(.MILLI.,.METRE.) );
#10 = ( NAMED_UNIT(*) PLANE_ANGLE_UNIT() SI_UNIT($,.RADIAN.) );
#11 = ( NAMED_UNIT(*) SI_UNIT($,.STERADIAN.) SOLID_ANGLE_UNIT() );
#12 = UNCERTAINTY_MEASURE_WITH_UNIT(LENGTH_MEASURE(1.E-07),#9,'distance_accuracy_value','confusion accuracy');
#13 = GEOMETRIC_REPRESENTATION_CONTEXT(3) GLOBAL_UNCERTAINTY_ASSIGNED_CONTEXT((#12)) GLOBAL_UNIT_ASSIGNED_CONTEXT((#9,#10,#11)) REPRESENTATION_CONTEXT('Context #1','3D Context with UNIT and UNCERTAINTY');
#14 = GEOMETRIC_REPRESENTATION_CONTEXT(2) REPRESENTATION_CONTEXT('Parametric Context','2D p-curve Context');
#15 = CARTESIAN_POINT('',(0.000000000000,0.000000000000,0.000000000000));
#16 = DIRECTION('',(0.0,0.0,1.0));
#17 = DIRECTION('',(1.0,0.0,0.0));
#18 = AXIS2_PLACEMENT_3D('',#15,#16,#17);
#19 = CARTESIAN_POINT('',(0.000000000000,0.000000000000,4.000000000000));
#20 = CARTESIAN_POINT('',(2.000000000000,0.000000000000,4.000000000000));
#21 = CARTESIAN_POINT('',(4.000000000000,0.000000000000,4.000000000000));
#22 = CARTESIAN_POINT('',(6.000000000000,0.000000000000,4.000000000000));
#23 = CARTESIAN_POINT('',(8.000000000000,0.000000000000,4.000000000000));
#24 = CARTESIAN_POINT('',(10.000000000000,0.000000000000,4.000000000000));
#25 = CARTESIAN_POINT('',(12.000000000000,0.000000000000,4.000000000000));
#26 = CARTESIAN_POINT('',(14.000000000000,0.000000000000,4.000000000000));
#27 = CARTESIAN_POINT('',(16.000000000000,0.000000000000,4.000000000000));
#28 = CARTESIAN_POINT('',(18.000000000000,0.000000000000,4.000000000000));
#29 = CARTESIAN_POINT('',(20.000000000000,0.000000000000,4.000000000000));
#30 = CARTESIAN_POINT('',(22.000000000000,0.000000000000,4.000000000000));
#31 = CARTESIAN_POINT('',(24.000000000000,0.000000000000,4.000000000000));
#32 = CARTESIAN_POINT('',(26.000000000000,0.000000000000,4.000000000000));
#33 = CARTESIAN_POINT('',(28.000000000000,0.000000000000,4.000000000000));
#34 = CARTESIAN_POINT('',(30.000000000000,0.000000000000,4.000000000000));
#35 = CARTESIAN_POINT('',(32.000000000000,0.000000000000,4.000000000000));
#36 = CARTESIAN_POINT('',(34.000000000000,0.000000000000,4.000000000000));
#37 = CARTESIAN_POINT('',(36.000000000000,0.000000000000,4.000000000000));
#38 = CARTESIAN_POINT('',(38.000000000000,0.000000000000,4.000000000000));
#39 = CARTESIAN_POINT('',(40.000000000000,0.000000000000,4.000000000000));
#40 = CARTESIAN_POINT('',(42.000000000000,0.000000000000,4.000000000000));
#41 = CARTESIAN_POINT('',(44.000000000000,0.000000000000,4.000000000000));
#42 = CARTESIAN_POINT('',(46.000000000000,0.000000000000,4.000000000000));
#43 = CARTESIAN_POINT('',(48.000000000000,0.000000000000,4.000000000000));
#44 = CARTESIAN_POINT('',(50.000000000000,0.000000000000,4.000000000000));
#45 = CARTESIAN_POINT('',(51.203604870590,0.072697480408,4.000000000000));
#46 = CARTESIAN_POINT('',(52.440522289084,0.302379108437,4.000000000000));
#47 = CARTESIAN_POINT('',(53.680947095619,0.702116989376,4.000000000000));
#48 = CARTESIAN_POINT('',(54.890416764109,1.277395808973,4.000000000000));
#49 = CARTESIAN_POINT('',(56.032307532947,2.024332891353,4.000000000000));
#50 = CARTESIAN_POINT('',(57.071067811865,2.928932188135,4.000000000000));
#51 = CARTESIAN_POINT('',(57.975667108647,3.967692467053,4.000000000000));
#52 = CARTESIAN_POINT('',(58.722604191027,5.109583235891,4.000000000000));
#53 = CARTESIAN_POINT('',(59.297883010624,6.319052904381,4.000000000000));
#54 = CARTESIAN_POINT('',(59.697620891563,7.559477710916,4.000000000000));
#55 = CARTESIAN_POINT('',(59.927302519592,8.796395129410,4.000000000000));
#56 = CARTESIAN_POINT('',(60.000000000000,10.000000000000,4.000000000000));
#57 = CARTESIAN_POINT('',(60.000000000000,12.000000000000,4.000000000000));
#58 = CARTESIAN_POINT('',(60.000000000000,14.000000000000,4.000000000000));
#59 = CARTESIAN_POINT('',(60.000000000000,16.000000000000,4.000000000000));
#60 = CARTESIAN_POINT('',(60.000000000000,18.000000000000,4.000000000000));
#61 = CARTESIAN_POINT('',(60.000000000000,20.000000000000,4.000000000000));
#62 = CARTESIAN_POINT('',(60.000000000000,22.000000000000,4.000000000000));
#63 = CARTESIAN_POINT('',(60.000000000000,24.000000000000,4.000000000000));
#64 = CARTESIAN_POINT('',(60.000000000000,26.000000000000,4.000000000000));
#65 = CARTESIAN_POINT('',(60.000000000000,28.000000000000,4.000000000000));
#66 = CARTESIAN_POINT('',(60.000000000000,30.000000000000,4.000000000000));
#67 = CARTESIAN_POINT('',(60.000000000000,32.000000000000,4.000000000000));
#68 = CARTESIAN_POINT('',(60.000000000000,34.000000000000,4.000000000000));
#69 = CARTESIAN_POINT('',(60.000000000000,36.000000000000,4.000000000000));
#70 = CARTESIAN_POINT('',(60.000000000000,38.000000000000,4.000000000000));
#71 = CARTESIAN_POINT('',(60.000000000000,39.758840334370,3.992723633771));
#72 = CARTESIAN_POINT('',(60.000000000000,40.473333238768,4.005470464418));
#73 = CARTESIAN_POINT('',(60.000000000000,41.213620861889,4.109571366249));
#74 = CARTESIAN_POINT('',(60.000000000000,41.962817599497,4.314322829933));
#75 = CARTESIAN_POINT('',(60.000000000000,42.700770024796,4.624849640920));
#76 = CARTESIAN_POINT('',(60.000000000000,43.405394932081,5.040842494754));
#77 = CARTESIAN_POINT('',(60.000000000000,44.054558208465,5.555844789001));
#78 = CARTESIAN_POINT('',(60.000000000000,44.628213276699,6.157339206365));
#79 = CARTESIAN_POINT('',(60.000000000000,45.110398350470,6.827712732013));
#80 = CARTESIAN_POINT('',(60.000000000000,45.490690752812,7.545954331576));
#81 = CARTESIAN_POINT('',(60.000000000000,45.764847907554,8.289749342739));
#82 = CARTESIAN_POINT('',(60.000000000000,45.934578885821,9.037554795039));
#83 = CARTESIAN_POINT('',(60.000000000000,46.000000000000,10.000000000000));
#84 = CARTESIAN_POINT('',(60.000000000000,46.000000000000,12.000000000000));
#85 = CARTESIAN_POINT('',(60.000000000000,46.000000000000,14.000000000000));
#86 = CARTESIAN_POINT('',(60.000000000000,46.000000000000,16.000000000000));
#87 = CARTESIAN_POINT('',(60.000000000000,46.000000000000,18.000000000000));
#88 = CARTESIAN_POINT('',(60.000000000000,46.000000000000,20.000000000000));
#89 = CARTESIAN_POINT('',(60.000000000000,46.000000000000,22.000000000000));
#90 = CARTESIAN_POINT('',(60.000000000000,46.000000000000,24.000000000000));
#91 = CARTESIAN_POINT('',(60.000000000000,46.000000000000,26.000000000000));
#92 = CARTESIAN_POINT('',(60.000000000000,46.000000000000,28.000000000000));
#93 = CARTESIAN_POINT('',(59.996507344210,46.002619491842,30.144695799378));
#94 = CARTESIAN_POINT('',(59.909573047998,46.067820214002,31.641767849684));
#95 = CARTESIAN_POINT('',(59.665548997001,46.250838252249,33.176663145400));
#96 = CARTESIAN_POINT('',(59.252165211967,46.560876091025,34.711824793292));
#97 = CARTESIAN_POINT('',(58.664861192156,47.001354105883,36.204204807696));
#98 = CARTESIAN_POINT('',(57.908458296550,47.568656277588,37.608455093467));
#99 = CARTESIAN_POINT('',(56.997772297908,48.251670776569,38.880973573906));
#100 = CARTESIAN_POINT('',(55.956876461228,49.032342654079,39.984139407815));
#101 = CARTESIAN_POINT('',(54.817035569426,49.887223322931,40.889927695361));
#102 = CARTESIAN_POINT('',(53.613670361548,50.789747228839,41.582198365312));
#103 = CARTESIAN_POINT('',(52.382948214542,51.712788839094,42.057284681969));
#104 = CARTESIAN_POINT('',(51.158640535975,52.631019598019,42.322936699854));
#105 = CARTESIAN_POINT('',(50.080000000000,53.440000000000,42.400000000000));
#106 = CARTESIAN_POINT('',(48.480000000000,54.640000000000,42.400000000000));
#107 = CARTESIAN_POINT('',(46.880000000000,55.840000000000,42.400000000000));
#108 = CARTESIAN_POINT('',(45.280000000000,57.040000000000,42.400000000000));
#109 = CARTESIAN_POINT('',(43.680000000000,58.240000000000,42.400000000000));
#110 = CARTESIAN_POINT('',(42.080000000000,59.440000000000,42.400000000000));
#111 = CARTESIAN_POINT('',(40.480000000000,60.640000000000,42.400000000000));
#112 = CARTESIAN_POINT('',(38.880000000000,61.840000000000,42.400000000000));
#113 = CARTESIAN_POINT('',(37.280000000000,63.040000000000,42.400000000000));
#114 = CARTESIAN_POINT('',(35.680000000000,64.240000000000,42.400000000000));
#115 = CARTESIAN_POINT('',(34.080000000000,65.440000000000,42.400000000000));
#116 = CARTESIAN_POINT('',(32.480000000000,66.640000000000,42.400000000000));
#117 = CARTESIAN_POINT('',(30.880000000000,67.840000000000,42.400000000000));
#118 = CARTESIAN_POINT('',(29.280000000000,69.040000000000,42.400000000000));
#119 = CARTESIAN_POINT('',(27.680000000000,70.240000000000,42.400000000000));
#120 = CARTESIAN_POINT('',(26.195756639502,71.353182520373,42.395634180263));
#121 = CARTESIAN_POINT('',(25.467646486803,71.899265134898,42.432361270814));
#122 = CARTESIAN_POINT('',(24.716494853787,72.462628859660,42.586694463124));
#123 = CARTESIAN_POINT('',(23.959944481644,73.030041638767,42.869440493710));
#124 = CARTESIAN_POINT('',(23.218697023583,73.585977232313,43.285868108141));
#125 = CARTESIAN_POINT('',(22.515072022058,74.113695983456,43.834238653394));
#126 = CARTESIAN_POINT('',(21.871070360140,74.596697229895,44.505079748654));
#127 = CARTESIAN_POINT('',(21.306244152417,75.020316885687,45.281480510640));
#128 = CARTESIAN_POINT('',(20.835775450646,75.373168412016,46.140460933565));
#129 = CARTESIAN_POINT('',(20.469145875251,75.648140593562,47.055193760698));
#130 = CARTESIAN_POINT('',(20.209634319074,75.842774260695,47.997640690010));
#131 = CARTESIAN_POINT('',(20.054665328537,75.959001003597,48.941090928787));
#132 = CARTESIAN_POINT('',(20.000000000000,76.000000000000,50.000000000000));
#133 = CARTESIAN_POINT('',(20.000000000000,76.000000000000,52.000000000000));
#134 = CARTESIAN_POINT('',(20.000000000000,76.000000000000,54.000000000000));
#135 = CARTESIAN_POINT('',(20.000000000000,76.000000000000,56.000000000000));
#136 = CARTESIAN_POINT('',(20.000000000000,76.000000000000,58.000000000000));
#137 = CARTESIAN_POINT('',(20.000000000000,76.000000000000,60.000000000000));
#138 = CARTESIAN_POINT('',(20.000000000000,76.000000000000,62.000000000000));
#139 = CARTESIAN_POINT('',(20.000000000000,76.000000000000,64.000000000000));
#140 = CARTESIAN_POINT('',(20.000000000000,76.000000000000,66.000000000000));
#141 = CARTESIAN_POINT('',(20.000000000000,76.000000000000,68.000000000000));
#142 = CARTESIAN_POINT('',(20.000000000000,76.000000000000,70.000000000000));
#143 = CARTESIAN_POINT('',(20.000000000000,76.000000000000,72.000000000000));
#144 = CARTESIAN_POINT('',(20.000000000000,76.000000000000,74.000000000000));
#145 = CARTESIAN_POINT('',(20.000000000000,76.000000000000,76.000000000000));
#146 = CARTESIAN_POINT('',(20.000000000000,76.000000000000,78.000000000000));
#147 = CARTESIAN_POINT('',(20.000000000000,76.000000000000,80.000000000000));
#148 = CARTESIAN_POINT('',(0.000000000000,-4.000000000000,4.000000000000));
#149 = CARTESIAN_POINT('',(2.000000000000,-4.000000000000,4.000000000000));
#150 = CARTESIAN_POINT('',(4.000000000000,-4.000000000000,4.000000000000));
#151 = CARTESIAN_POINT('',(6.000000000000,-4.000000000000,4.000000000000));
#152 = CARTESIAN_POINT('',(8.000000000000,-4.000000000000,4.000000000000));
#153 = CARTESIAN_POINT('',(10.000000000000,-4.000000000000,4.000000000000));
#154 = CARTESIAN_POINT('',(12.000000000000,-4.000000000000,4.000000000000));
#155 = CARTESIAN_POINT('',(14.000000000000,-4.000000000000,4.000000000000));
#156 = CARTESIAN_POINT('',(16.000000000000,-4.000000000000,4.000000000000));
#157 = CARTESIAN_POINT('',(18.000000000000,-4.000000000000,4.000000000000));
#158 = CARTESIAN_POINT('',(20.000000000000,-4.000000000000,4.000000000000));
#159 = CARTESIAN_POINT('',(22.000000000000,-4.000000000000,4.000000000000));
#160 = CARTESIAN_POINT('',(24.000000000000,-4.000000000000,4.000000000000));
#161 = CARTESIAN_POINT('',(26.000000000000,-4.000000000000,4.000000000000));
#162 = CARTESIAN_POINT('',(28.000000000000,-4.000000000000,4.000000000000));
#163 = CARTESIAN_POINT('',(30.000000000000,-4.000000000000,4.000000000000));
#164 = CARTESIAN_POINT('',(32.000000000000,-4.000000000000,4.000000000000));
#165 = CARTESIAN_POINT('',(34.000000000000,-4.000000000000,4.000000000000));
#166 = CARTESIAN_POINT('',(36.000000000000,-4.000000000000,4.000000000000));
#167 = CARTESIAN_POINT('',(38.000000000000,-4.000000000000,4.000000000000));
#168 = CARTESIAN_POINT('',(40.000000000000,-4.000000000000,4.000000000000));
#169 = CARTESIAN_POINT('',(42.000000000000,-4.000000000000,4.000000000000));
#170 = CARTESIAN_POINT('',(44.000000000000,-4.000000000000,4.000000000000));
#171 = CARTESIAN_POINT('',(46.000000000000,-4.000000000000,4.000000000000));
#172 = CARTESIAN_POINT('',(48.000000000000,-4.000000000000,4.000000000000));
#173 = CARTESIAN_POINT('',(50.241159665630,-3.992723633771,4.000000000000));
#174 = CARTESIAN_POINT('',(51.933876502413,-3.860075503601,4.000000000000));
#175 = CARTESIAN_POINT('',(53.667423716278,-3.504813149376,4.000000000000));
#176 = CARTESIAN_POINT('',(55.399076591741,-2.910088851181,4.000000000000));
#177 = CARTESIAN_POINT('',(57.080063503421,-2.070058022974,4.000000000000));
#178 = CARTESIAN_POINT('',(58.659220133814,-0.992176712047,4.000000000000));
#179 = CARTESIAN_POINT('',(60.087577415266,0.302019587268,4.000000000000));
#180 = CARTESIAN_POINT('',(61.323120940594,1.778045727740,4.000000000000));
#181 = CARTESIAN_POINT('',(62.334810031584,3.391453739769,4.000000000000));
#182 = CARTESIAN_POINT('',(63.105075268437,5.092151477187,4.000000000000));
#183 = CARTESIAN_POINT('',(63.630393875573,6.829206079094,4.000000000000));
#184 = CARTESIAN_POINT('',(63.920026153363,8.555235463780,4.000000000000));
#185 = CARTESIAN_POINT('',(64.000000000000,10.000000000000,4.000000000000));
#186 = CARTESIAN_POINT('',(64.000000000000,12.000000000000,4.000000000000));
#187 = CARTESIAN_POINT('',(64.000000000000,14.000000000000,4.000000000000));
#188 = CARTESIAN_POINT('',(64.000000000000,16.000000000000,4.000000000000));
#189 = CARTESIAN_POINT('',(64.000000000000,18.000000000000,4.000000000000));
#190 = CARTESIAN_POINT('',(64.000000000000,20.000000000000,4.000000000000));
#191 = CARTESIAN_POINT('',(64.000000000000,22.000000000000,4.000000000000));
#192 = CARTESIAN_POINT('',(64.000000000000,24.000000000000,4.000000000000));
#193 = CARTESIAN_POINT('',(64.000000000000,26.000000000000,4.000000000000));
#194 = CARTESIAN_POINT('',(64.000000000000,28.000000000000,4.000000000000));
#195 = CARTESIAN_POINT('',(64.000000000000,30.000000000000,4.000000000000));
#196 = CARTESIAN_POINT('',(64.000000000000,32.000000000000,4.000000000000));
#197 = CARTESIAN_POINT('',(64.000000000000,34.000000000000,4.000000000000));
#198 = CARTESIAN_POINT('',(64.000000000000,36.000000000000,4.000000000000));
#199 = CARTESIAN_POINT('',(64.000000000000,38.000000000000,4.000000000000));
#200 = CARTESIAN_POINT('',(64.000000000000,39.758840334370,3.992723633771));
#201 = CARTESIAN_POINT('',(64.000000000000,40.473333238768,4.005470464418));
#202 = CARTESIAN_POINT('',(64.000000000000,41.213620861889,4.109571366249));
#203 = CARTESIAN_POINT('',(64.000000000000,41.962817599497,4.314322829933));
#204 = CARTESIAN_POINT('',(64.000000000000,42.700770024796,4.624849640920));
#205 = CARTESIAN_POINT('',(64.000000000000,43.405394932081,5.040842494754));
#206 = CARTESIAN_POINT('',(64.000000000000,44.054558208465,5.555844789001));
#207 = CARTESIAN_POINT('',(64.000000000000,44.628213276699,6.157339206365));
#208 = CARTESIAN_POINT('',(64.000000000000,45.110398350470,6.827712732013));
#209 = CARTESIAN_POINT('',(64.000000000000,45.490690752812,7.545954331576));
#210 = CARTESIAN_POINT('',(64.000000000000,45.764847907554,8.289749342739));
#211 = CARTESIAN_POINT('',(64.000000000000,45.934578885821,9.037554795039));
#212 = CARTESIAN_POINT('',(64.000000000000,46.000000000000,10.000000000000));
#213 = CARTESIAN_POINT('',(64.000000000000,46.000000000000,12.000000000000));
#214 = CARTESIAN_POINT('',(64.000000000000,46.000000000000,14.000000000000));
#215 = CARTESIAN_POINT('',(64.000000000000,46.000000000000,16.000000000000));
#216 = CARTESIAN_POINT('',(64.000000000000,46.000000000000,18.000000000000));
#217 = CARTESIAN_POINT('',(64.000000000000,46.000000000000,20.000000000000));
#218 = CARTESIAN_POINT('',(64.000000000000,46.000000000000,22.000000000000));
#219 = CARTESIAN_POINT('',(64.000000000000,46.000000000000,24.000000000000));
#220 = CARTESIAN_POINT('',(64.000000000000,46.000000000000,26.000000000000));
#221 = CARTESIAN_POINT('',(64.000000000000,46.000000000000,28.000000000000));
#222 = CARTESIAN_POINT('',(63.991850469824,46.006112147632,30.337623531882));
#223 = CARTESIAN_POINT('',(63.866547757764,46.100089181677,32.225985155142));
#224 = CARTESIAN_POINT('',(63.542152042001,46.343385968499,34.158184287156));
#225 = CARTESIAN_POINT('',(63.003976949923,46.747017287557,36.086328390190));
#226 = CARTESIAN_POINT('',(62.247231644603,47.314576266548,37.955922199146));
#227 = CARTESIAN_POINT('',(61.279024442726,48.040731667955,39.709985174160));
#228 = CARTESIAN_POINT('',(60.118996362463,48.910752728153,41.294181256626));
#229 = CARTESIAN_POINT('',(58.798250374388,49.901312219209,42.662102473373));
#230 = CARTESIAN_POINT('',(57.356638446944,50.982521164792,43.779692367807));
#231 = CARTESIAN_POINT('',(55.838887274953,52.120834543785,44.627952171562));
#232 = CARTESIAN_POINT('',(54.290322058908,53.282258455819,45.203503069177));
#233 = CARTESIAN_POINT('',(52.752982721978,54.435262958517,45.517115606871));
#234 = CARTESIAN_POINT('',(51.520000000000,55.360000000000,45.600000000000));
#235 = CARTESIAN_POINT('',(49.920000000000,56.560000000000,45.600000000000));
#236 = CARTESIAN_POINT('',(48.320000000000,57.760000000000,45.600000000000));
#237 = CARTESIAN_POINT('',(46.720000000000,58.960000000000,45.600000000000));
#238 = CARTESIAN_POINT('',(45.120000000000,60.160000000000,45.600000000000));
#239 = CARTESIAN_POINT('',(43.520000000000,61.360000000000,45.600000000000));
#240 = CARTESIAN_POINT('',(41.920000000000,62.560000000000,45.600000000000));
#241 = CARTESIAN_POINT('',(40.320000000000,63.760000000000,45.600000000000));
#242 = CARTESIAN_POINT('',(38.720000000000,64.960000000000,45.600000000000));
#243 = CARTESIAN_POINT('',(37.120000000000,66.160000000000,45.600000000000));
#244 = CARTESIAN_POINT('',(35.520000000000,67.360000000000,45.600000000000));
#245 = CARTESIAN_POINT('',(33.920000000000,68.560000000000,45.600000000000));
#246 = CARTESIAN_POINT('',(32.320000000000,69.760000000000,45.600000000000));
#247 = CARTESIAN_POINT('',(30.720000000000,70.960000000000,45.600000000000));
#248 = CARTESIAN_POINT('',(29.120000000000,72.160000000000,45.600000000000));
#249 = CARTESIAN_POINT('',(27.790098825505,73.157425880871,45.589813087279));
#250 = CARTESIAN_POINT('',(27.375020331169,73.468734751623,45.578579658022));
#251 = CARTESIAN_POINT('',(26.941711767191,73.793716174607,45.632448269374));
#252 = CARTESIAN_POINT('',(26.499547359162,74.125339480629,45.759205166156));
#253 = CARTESIAN_POINT('',(26.060070936743,74.454946797443,45.963831173699));
#254 = CARTESIAN_POINT('',(25.636296086613,74.772777935041,46.247446336114));
#255 = CARTESIAN_POINT('',(25.241636506316,75.068772620263,46.606609829348));
#256 = CARTESIAN_POINT('',(24.888614604864,75.333539046352,47.033197902090));
#257 = CARTESIAN_POINT('',(24.587587188602,75.559309608548,47.514964530462));
#258 = CARTESIAN_POINT('',(24.345748920251,75.740688309812,48.036714902454));
#259 = CARTESIAN_POINT('',(24.166609028840,75.875043228370,48.581857995468));
#260 = CARTESIAN_POINT('',(24.050008454150,75.962493659387,49.134018661291));
#261 = CARTESIAN_POINT('',(24.000000000000,76.000000000000,50.000000000000));
#262 = CARTESIAN_POINT('',(24.000000000000,76.000000000000,52.000000000000));
#263 = CARTESIAN_POINT('',(24.000000000000,76.000000000000,54.000000000000));
#264 = CARTESIAN_POINT('',(24.000000000000,76.000000000000,56.000000000000));
#265 = CARTESIAN_POINT('',(24.000000000000,76.000000000000,58.000000000000));
#266 = CARTESIAN_POINT('',(24.000000000000,76.000000000000,60.000000000000));
#267 = CARTESIAN_POINT('',(24.000000000000,76.000000000000,62.000000000000));
#268 = CARTESIAN_POINT('',(24.000000000000,76.000000000000,64.000000000000));
#269 = CARTESIAN_POINT('',(24.000000000000,76.000000000000,66.000000000000));
#270 = CARTESIAN_POINT('',(24.000000000000,76.000000000000,68.000000000000));
#271 = CARTESIAN_POINT('',(24.000000000000,76.000000000000,70.000000000000));
#272 = CARTESIAN_POINT('',(24.000000000000,76.000000000000,72.000000000000));
#273 = CARTESIAN_POINT('',(24.000000000000,76.000000000000,74.000000000000));
#274 = CARTESIAN_POINT('',(24.000000000000,76.000000000000,76.000000000000));
#275 = CARTESIAN_POINT('',(24.000000000000,76.000000000000,78.000000000000));
#276 = CARTESIAN_POINT('',(24.000000000000,76.000000000000,80.000000000000));
#277 = CARTESIAN_POINT('',(0.000000000000,-4.000000000000,0.000000000000));
#278 = CARTESIAN_POINT('',(2.000000000000,-4.000000000000,0.000000000000));
#279 = CARTESIAN_POINT('',(4.000000000000,-4.000000000000,0.000000000000));
#280 = CARTESIAN_POINT('',(6.000000000000,-4.000000000000,0.000000000000));
#281 = CARTESIAN_POINT('',(8.000000000000,-4.000000000000,0.000000000000));
#282 = CARTESIAN_POINT('',(10.000000000000,-4.000000000000,0.000000000000));
#283 = CARTESIAN_POINT('',(12.000000000000,-4.000000000000,0.000000000000));
#284 = CARTESIAN_POINT('',(14.000000000000,-4.000000000000,0.000000000000));
#285 = CARTESIAN_POINT('',(16.000000000000,-4.000000000000,0.000000000000));
#286 = CARTESIAN_POINT('',(18.000000000000,-4.000000000000,0.000000000000));
#287 = CARTESIAN_POINT('',(20.000000000000,-4.000000000000,0.000000000000));
#288 = CARTESIAN_POINT('',(22.000000000000,-4.000000000000,0.000000000000));
#289 = CARTESIAN_POINT('',(24.000000000000,-4.000000000000,0.000000000000));
#290 = CARTESIAN_POINT('',(26.000000000000,-4.000000000000,0.000000000000));
#291 = CARTESIAN_POINT('',(28.000000000000,-4.000000000000,0.000000000000));
#292 = CARTESIAN_POINT('',(30.000000000000,-4.000000000000,0.000000000000));
#293 = CARTESIAN_POINT('',(32.000000000000,-4.000000000000,0.000000000000));
#294 = CARTESIAN_POINT('',(34.000000000000,-4.000000000000,0.000000000000));
#295 = CARTESIAN_POINT('',(36.000000000000,-4.000000000000,0.000000000000));
#296 = CARTESIAN_POINT('',(38.000000000000,-4.000000000000,0.000000000000));
#297 = CARTESIAN_POINT('',(40.000000000000,-4.000000000000,0.000000000000));
#298 = CARTESIAN_POINT('',(42.000000000000,-4.000000000000,0.000000000000));
#299 = CARTESIAN_POINT('',(44.000000000000,-4.000000000000,0.000000000000));
#300 = CARTESIAN_POINT('',(46.000000000000,-4.000000000000,0.000000000000));
#301 = CARTESIAN_POINT('',(48.000000000000,-4.000000000000,0.000000000000));
#302 = CARTESIAN_POINT('',(50.241159665630,-3.992723633771,0.000000000000));
#303 = CARTESIAN_POINT('',(51.933876502413,-3.860075503601,0.000000000000));
#304 = CARTESIAN_POINT('',(53.667423716278,-3.504813149376,0.000000000000));
#305 = CARTESIAN_POINT('',(55.399076591741,-2.910088851181,0.000000000000));
#306 = CARTESIAN_POINT('',(57.080063503421,-2.070058022974,0.000000000000));
#307 = CARTESIAN_POINT('',(58.659220133814,-0.992176712047,0.000000000000));
#308 = CARTESIAN_POINT('',(60.087577415266,0.302019587268,0.000000000000));
#309 = CARTESIAN_POINT('',(61.323120940594,1.778045727740,0.000000000000));
#310 = CARTESIAN_POINT('',(62.334810031584,3.391453739769,0.000000000000));
#311 = CARTESIAN_POINT('',(63.105075268437,5.092151477187,0.000000000000));
#312 = CARTESIAN_POINT('',(63.630393875573,6.829206079094,0.000000000000));
#313 = CARTESIAN_POINT('',(63.920026153363,8.555235463780,0.000000000000));
#314 = CARTESIAN_POINT('',(64.000000000000,10.000000000000,0.000000000000));
#315 = CARTESIAN_POINT('',(64.000000000000,12.000000000000,0.000000000000));
#316 = CARTESIAN_POINT('',(64.000000000000,14.000000000000,0.000000000000));
#317 = CARTESIAN_POINT('',(64.000000000000,16.000000000000,0.000000000000));
#318 = CARTESIAN_POINT('',(64.000000000000,18.000000000000,0.000000000000));
#319 = CARTESIAN_POINT('',(64.000000000000,20.000000000000,0.000000000000));
#320 = CARTESIAN_POINT('',(64.000000000000,22.000000000000,0.000000000000));
#321 = CARTESIAN_POINT('',(64.000000000000,24.000000000000,0.000000000000));
#322 = CARTESIAN_POINT('',(64.000000000000,26.000000000000,0.000000000000));
#323 = CARTESIAN_POINT('',(64.000000000000,28.000000000000,0.000000000000));
#324 = CARTESIAN_POINT('',(64.000000000000,30.000000000000,0.000000000000));
#325 = CARTESIAN_POINT('',(64.000000000000,32.000000000000,0.000000000000));
#326 = CARTESIAN_POINT('',(64.000000000000,34.000000000000,0.000000000000));
#327 = CARTESIAN_POINT('',(64.000000000000,36.000000000000,0.000000000000));
#328 = CARTESIAN_POINT('',(64.000000000000,38.000000000000,0.000000000000));
#329 = CARTESIAN_POINT('',(64.000000000000,40.000000000000,0.000000000000));
#330 = CARTESIAN_POINT('',(64.000000000000,41.203604870591,0.072697480408));
#331 = CARTESIAN_POINT('',(64.000000000000,42.440522289084,0.302379108437));
#332 = CARTESIAN_POINT('',(64.000000000000,43.680947095619,0.702116989376));
#333 = CARTESIAN_POINT('',(64.000000000000,44.890416764109,1.277395808973));
#334 = CARTESIAN_POINT('',(64.000000000000,46.032307532947,2.024332891353));
#335 = CARTESIAN_POINT('',(64.000000000000,47.071067811865,2.928932188135));
#336 = CARTESIAN_POINT('',(64.000000000000,47.975667108647,3.967692467053));
#337 = CARTESIAN_POINT('',(64.000000000000,48.722604191027,5.109583235891));
#338 = CARTESIAN_POINT('',(64.000000000000,49.297883010624,6.319052904381));
#339 = CARTESIAN_POINT('',(64.000000000000,49.697620891563,7.559477710916));
#340 = CARTESIAN_POINT('',(64.000000000000,49.927302519592,8.796395129410));
#341 = CARTESIAN_POINT('',(64.000000000000,50.000000000000,10.000000000000));
#342 = CARTESIAN_POINT('',(64.000000000000,50.000000000000,12.000000000000));
#343 = CARTESIAN_POINT('',(64.000000000000,50.000000000000,14.000000000000));
#344 = CARTESIAN_POINT('',(64.000000000000,50.000000000000,16.000000000000));
#345 = CARTESIAN_POINT('',(64.000000000000,50.000000000000,18.000000000000));
#346 = CARTESIAN_POINT('',(64.000000000000,50.000000000000,20.000000000000));
#347 = CARTESIAN_POINT('',(64.000000000000,50.000000000000,22.000000000000));
#348 = CARTESIAN_POINT('',(64.000000000000,50.000000000000,24.000000000000));
#349 = CARTESIAN_POINT('',(64.000000000000,50.000000000000,26.000000000000));
#350 = CARTESIAN_POINT('',(64.000000000000,50.000000000000,28.000000000000));
#351 = CARTESIAN_POINT('',(63.995343125613,50.003492655790,30.192927732504));
#352 = CARTESIAN_POINT('',(63.898816725439,50.075887455920,31.787822176049));
#353 = CARTESIAN_POINT('',(63.634699758251,50.273975181312,33.422043430839));
#354 = CARTESIAN_POINT('',(63.190118146456,50.607411390158,35.055450692516));
#355 = CARTESIAN_POINT('',(62.560453805268,51.079659646049,36.642134155559));
#356 = CARTESIAN_POINT('',(61.751099833094,51.686675125180,38.133837613641));
#357 = CARTESIAN_POINT('',(60.778078314047,52.416441264465,39.484275494586));
#358 = CARTESIAN_POINT('',(59.667219939518,53.249585045362,40.653630174204));
#359 = CARTESIAN_POINT('',(58.451936288805,54.161047783396,41.612368863473));
#360 = CARTESIAN_POINT('',(57.169974589900,55.122519057575,42.343636816874));
#361 = CARTESIAN_POINT('',(55.859791675634,56.105156243275,42.843839278771));
#362 = CARTESIAN_POINT('',(54.557226082475,57.082080438143,43.121481426608));
#363 = CARTESIAN_POINT('',(53.440000000000,57.920000000000,43.200000000000));
#364 = CARTESIAN_POINT('',(51.840000000000,59.120000000000,43.200000000000));
#365 = CARTESIAN_POINT('',(50.240000000000,60.320000000000,43.200000000000));
#366 = CARTESIAN_POINT('',(48.640000000000,61.520000000000,43.200000000000));
#367 = CARTESIAN_POINT('',(47.040000000000,62.720000000000,43.200000000000));
#368 = CARTESIAN_POINT('',(45.440000000000,63.920000000000,43.200000000000));
#369 = CARTESIAN_POINT('',(43.840000000000,65.120000000000,43.200000000000));
#370 = CARTESIAN_POINT('',(42.240000000000,66.320000000000,43.200000000000));
#371 = CARTESIAN_POINT('',(40.640000000000,67.520000000000,43.200000000000));
#372 = CARTESIAN_POINT('',(39.040000000000,68.720000000000,43.200000000000));
#373 = CARTESIAN_POINT('',(37.440000000000,69.920000000000,43.200000000000));
#374 = CARTESIAN_POINT('',(35.840000000000,71.120000000000,43.200000000000));
#375 = CARTESIAN_POINT('',(34.240000000000,72.320000000000,43.200000000000));
#376 = CARTESIAN_POINT('',(32.640000000000,73.520000000000,43.200000000000));
#377 = CARTESIAN_POINT('',(31.040000000000,74.720000000000,43.200000000000));
#378 = CARTESIAN_POINT('',(29.594342186003,75.804243360498,43.194178907017));
#379 = CARTESIAN_POINT('',(28.944489947894,76.291632539079,43.218915867616));
#380 = CARTESIAN_POINT('',(28.272799082138,76.795400688397,43.348132914687));
#381 = CARTESIAN_POINT('',(27.594845201023,77.303866099233,43.591881661821));
#382 = CARTESIAN_POINT('',(26.929040501873,77.803219623595,43.955358874531));
#383 = CARTESIAN_POINT('',(26.295378038197,78.278466471352,44.437540574074));
#384 = CARTESIAN_POINT('',(25.713711896684,78.714716077487,45.030462268828));
#385 = CARTESIAN_POINT('',(25.201836765529,79.098622425853,45.719409858503));
#386 = CARTESIAN_POINT('',(24.773728385135,79.419703711149,46.484086832789));
#387 = CARTESIAN_POINT('',(24.438296636501,79.671277522625,47.300574046137));
#388 = CARTESIAN_POINT('',(24.198877996515,79.850841502613,48.143695016375));
#389 = CARTESIAN_POINT('',(24.053501109940,79.959874167545,48.989322861913));
#390 = CARTESIAN_POINT('',(24.000000000000,80.000000000000,50.000000000000));
#391 = CARTESIAN_POINT('',(24.000000000000,80.000000000000,52.000000000000));
#392 = CARTESIAN_POINT('',(24.000000000000,80.000000000000,54.000000000000));
#393 = CARTESIAN_POINT('',(24.000000000000,80.000000000000,56.000000000000));
#394 = CARTESIAN_POINT('',(24.000000000000,80.000000000000,58.000000000000));
#395 = CARTESIAN_POINT('',(24.000000000000,80.000000000000,60.000000000000));
#396 = CARTESIAN_POINT('',(24.000000000000,80.000000000000,62.000000000000));
#397 = CARTESIAN_POINT('',(24.000000000000,80.000000000000,64.000000000000));
#398 = CARTESIAN_POINT('',(24.000000000000,80.000000000000,66.000000000000));
#399 = CARTESIAN_POINT('',(24.000000000000,80.000000000000,68.000000000000));
#400 = CARTESIAN_POINT('',(24.000000000000,80.000000000000,70.000000000000));
#401 = CARTESIAN_POINT('',(24.000000000000,80.000000000000,72.000000000000));
#402 = CARTESIAN_POINT('',(24.000000000000,80.000000000000,74.000000000000));
#403 = CARTESIAN_POINT('',(24.000000000000,80.000000000000,76.000000000000));
#404 = CARTESIAN_POINT('',(24.000000000000,80.000000000000,78.000000000000));
#405 = CARTESIAN_POINT('',(24.000000000000,80.000000000000,80.000000000000));
#406 = ( BOUNDED_SURFACE() B_SPLINE_SURFACE(2,1,((#19,#20,#21,#22,#23,#24,#25,#26,#27,#28,#29,#30,#31,#32,#33,#34,#35,#36,#37,#38,#39,#40,#41,#42,#43,#44,#45,#46,#47,#48,#49,#50,#51,#52,#53,#54,#55,#56,#57,#58,#59,#60,#61,#62,#63,#64,#65,#66,#67,#68,#69,#70,#71,#72,#73,#74,#75,#76,#77,#78,#79,#80,#81,#82,#83,#84,#85,#86,#87,#88,#89,#90,#91,#92,#93,#94,#95,#96,#97,#98,#99,#100,#101,#102,#103,#104,#105,#106,#107,#108,#109,#110,#111,#112,#113,#114,#115,#116,#117,#118,#119,#120,#121,#122,#123,#124,#125,#126,#127,#128,#129,#130,#131,#132,#133,#134,#135,#136,#137,#138,#139,#140,#141,#142,#143,#144,#145,#146,#147),(#148,#149,#150,#151,#152,#153,#154,#155,#156,#157,#158,#159,#160,#161,#162,#163,#164,#165,#166,#167,#168,#169,#170,#171,#172,#173,#174,#175,#176,#177,#178,#179,#180,#181,#182,#183,#184,#185,#186,#187,#188,#189,#190,#191,#192,#193,#194,#195,#196,#197,#198,#199,#200,#201,#202,#203,#204,#205,#206,#207,#208,#209,#210,#211,#212,#213,#214,#215,#216,#217,#218,#219,#220,#221,#222,#223,#224,#225,#226,#227,#228,#229,#230,#231,#232,#233,#234,#235,#236,#237,#238,#239,#240,#241,#242,#243,#244,#245,#246,#247,#248,#249,#250,#251,#252,#253,#254,#255,#256,#257,#258,#259,#260,#261,#262,#263,#264,#265,#266,#267,#268,#269,#270,#271,#272,#273,#274,#275,#276),(#277,#278,#279,#280,#281,#282,#283,#284,#285,#286,#287,#288,#289,#290,#291,#292,#293,#294,#295,#296,#297,#298,#299,#300,#301,#302,#303,#304,#305,#306,#307,#308,#309,#310,#311,#312,#313,#314,#315,#316,#317,#318,#319,#320,#321,#322,#323,#324,#325,#326,#327,#328,#329,#330,#331,#332,#333,#334,#335,#336,#337,#338,#339,#340,#341,#342,#343,#344,#345,#346,#347,#348,#349,#350,#351,#352,#353,#354,#355,#356,#357,#358,#359,#360,#361,#362,#363,#364,#365,#366,#367,#368,#369,#370,#371,#372,#373,#374,#375,#376,#377,#378,#379,#380,#381,#382,#383,#384,#385,#386,#387,#388,#389,#390,#391,#392,#393,#394,#395,#396,#397,#398,#399,#400,#401,#402,#403,#404,#405)),.UNSPECIFIED.,.F.,.F.,.F.) B_SPLINE_SURFACE_WITH_KNOTS((3,3),(2,1,1,1,1,1,1,1,1,1,1,1,1,1,1,1,1,1,1,1,1,1,1,1,1,1,1,1,1,1,1,1,1,1,1,1,1,1,1,1,1,1,1,1,1,1,1,1,1,1,1,1,1,1,1,1,1,1,1,1,1,1,1,1,1,1,1,1,1,1,1,1,1,1,1,1,1,1,1,1,1,1,1,1,1,1,1,1,1,1,1,1,1,1,1,1,1,1,1,1,1,1,1,1,1,1,1,1,1,1,1,1,1,1,1,1,1,1,1,1,1,1,1,1,1,1,1,1,2),(0.000000000000,1.000000000000),(0.000000000000,0.007812500000,0.015625000000,0.023437500000,0.031250000000,0.039062500000,0.046875000000,0.054687500000,0.062500000000,0.070312500000,0.078125000000,0.085937500000,0.093750000000,0.101562500000,0.109375000000,0.117187500000,0.125000000000,0.132812500000,0.140625000000,0.148437500000,0.156250000000,0.164062500000,0.171875000000,0.179687500000,0.187500000000,0.195312500000,0.203125000000,0.210937500000,0.218750000000,0.226562500000,0.234375000000,0.242187500000,0.250000000000,0.257812500000,0.265625000000,0.273437500000,0.281250000000,0.289062500000,0.296875000000,0.304687500000,0.312500000000,0.320312500000,0.328125000000,0.335937500000,0.343750000000,0.351562500000,0.359375000000,0.367187500000,0.375000000000,0.382812500000,0.390625000000,0.398437500000,0.406250000000,0.414062500000,0.421875000000,0.429687500000,0.437500000000,0.445312500000,0.453125000000,0.460937500000,0.468750000000,0.476562500000,0.484375000000,0.492187500000,0.500000000000,0.507812500000,0.515625000000,0.523437500000,0.531250000000,0.539062500000,0.546875000000,0.554687500000,0.562500000000,0.570312500000,0.578125000000,0.585937500000,0.593750000000,0.601562500000,0.609375000000,0.617187500000,0.625000000000,0.632812500000,0.640625000000,0.648437500000,0.656250000000,0.664062500000,0.671875000000,0.679687500000,0.687500000000,0.695312500000,0.703125000000,0.710937500000,0.718750000000,0.726562500000,0.734375000000,0.742187500000,0.750000000000,0.757812500000,0.765625000000,0.773437500000,0.781250000000,0.789062500000,0.796875000000,0.804687500000,0.812500000000,0.820312500000,0.828125000000,0.835937500000,0.843750000000,0.851562500000,0.859375000000,0.867187500000,0.875000000000,0.882812500000,0.890625000000,0.898437500000,0.906250000000,0.914062500000,0.921875000000,0.929687500000,0.937500000000,0.945312500000,0.953125000000,0.960937500000,0.968750000000,0.976562500000,0.984375000000,0.992187500000,1.000000000000),.UNSPECIFIED.) GEOMETRIC_REPRESENTATION_ITEM() RATIONAL_B_SPLINE_SURFACE(((1.000000000000,1.000000000000,1.000000000000,1.000000000000,1.000000000000,1.000000000000,1.000000000000,1.000000000000,1.000000000000,1.000000000000,1.000000000000,1.000000000000,1.000000000000,1.000000000000,1.000000000000,1.000000000000,1.000000000000,1.000000000000,1.000000000000,1.000000000000,1.000000000000,1.000000000000,1.000000000000,1.000000000000,1.000000000000,1.000000000000,1.000000000000,1.000000000000,1.000000000000,1.000000000000,1.000000000000,1.000000000000,1.000000000000,1.000000000000,1.000000000000,1.000000000000,1.000000000000,1.000000000000,1.000000000000,1.000000000000,1.000000000000,1.000000000000,1.000000000000,1.000000000000,1.000000000000,1.000000000000,1.000000000000,1.000000000000,1.000000000000,1.000000000000,1.000000000000,1.000000000000,1.000000000000,1.000000000000,1.000000000000,1.000000000000,1.000000000000,1.000000000000,1.000000000000,1.000000000000,1.000000000000,1.000000000000,1.000000000000,1.000000000000,1.000000000000,1.000000000000,1.000000000000,1.000000000000,1.000000000000,1.000000000000,1.000000000000,1.000000000000,1.000000000000,1.000000000000,1.000000000000,1.000000000000,1.000000000000,1.000000000000,1.000000000000,1.000000000000,1.000000000000,1.000000000000,1.000000000000,1.000000000000,1.000000000000,1.000000000000,1.000000000000,1.000000000000,1.000000000000,1.000000000000,1.000000000000,1.000000000000,1.000000000000,1.000000000000,1.000000000000,1.000000000000,1.000000000000,1.000000000000,1.000000000000,1.000000000000,1.000000000000,1.000000000000,1.000000000000,1.000000000000,1.000000000000,1.000000000000,1.000000000000,1.000000000000,1.000000000000,1.000000000000,1.000000000000,1.000000000000,1.000000000000,1.000000000000,1.000000000000,1.000000000000,1.000000000000,1.000000000000,1.000000000000,1.000000000000,1.000000000000,1.000000000000,1.000000000000,1.000000000000,1.000000000000,1.000000000000,1.000000000000,1.000000000000,1.000000000000),(0.707106781187,0.707106781187,0.707106781187,0.707106781187,0.707106781187,0.707106781187,0.707106781187,0.707106781187,0.707106781187,0.707106781187,0.707106781187,0.707106781187,0.707106781187,0.707106781187,0.707106781187,0.707106781187,0.707106781187,0.707106781187,0.707106781187,0.707106781187,0.707106781187,0.707106781187,0.707106781187,0.707106781187,0.707106781187,0.707106781187,0.707106781187,0.707106781187,0.707106781187,0.707106781187,0.707106781187,0.707106781187,0.707106781187,0.707106781187,0.707106781187,0.707106781187,0.707106781187,0.707106781187,0.707106781187,0.707106781187,0.707106781187,0.707106781187,0.707106781187,0.707106781187,0.707106781187,0.707106781187,0.707106781187,0.707106781187,0.707106781187,0.707106781187,0.707106781187,0.707106781187,0.707106781187,0.707106781187,0.707106781187,0.707106781187,0.707106781187,0.707106781187,0.707106781187,0.707106781187,0.707106781187,0.707106781187,0.707106781187,0.707106781187,0.707106781187,0.707106781187,0.707106781187,0.707106781187,0.707106781187,0.707106781187,0.707106781187,0.707106781187,0.707106781187,0.707106781187,0.707106781187,0.707106781187,0.707106781187,0.707106781187,0.707106781187,0.707106781187,0.707106781187,0.707106781187,0.707106781187,0.707106781187,0.707106781187,0.707106781187,0.707106781187,0.707106781187,0.707106781187,0.707106781187,0.707106781187,0.707106781187,0.707106781187,0.707106781187,0.707106781187,0.707106781187,0.707106781187,0.707106781187,0.707106781187,0.707106781187,0.707106781187,0.707106781187,0.707106781187,0.707106781187,0.707106781187,0.707106781187,0.707106781187,0.707106781187,0.707106781187,0.707106781187,0.707106781187,0.707106781187,0.707106781187,0.707106781187,0.707106781187,0.707106781187,0.707106781187,0.707106781187,0.707106781187,0.707106781187,0.707106781187,0.707106781187,0.707106781187,0.707106781187,0.707106781187,0.707106781187,0.707106781187,0.707106781187,0.707106781187),(1.000000000000,1.000000000000,1.000000000000,1.000000000000,1.000000000000,1.000000000000,1.000000000000,1.000000000000,1.000000000000,1.000000000000,1.000000000000,1.000000000000,1.000000000000,1.000000000000,1.000000000000,1.000000000000,1.000000000000,1.000000000000,1.000000000000,1.000000000000,1.000000000000,1.000000000000,1.000000000000,1.000000000000,1.000000000000,1.000000000000,1.000000000000,1.000000000000,1.000000000000,1.000000000000,1.000000000000,1.000000000000,1.000000000000,1.000000000000,1.000000000000,1.000000000000,1.000000000000,1.000000000000,1.000000000000,1.000000000000,1.000000000000,1.000000000000,1.000000000000,1.000000000000,1.000000000000,1.000000000000,1.000000000000,1.000000000000,1.000000000000,1.000000000000,1.000000000000,1.000000000000,1.000000000000,1.000000000000,1.000000000000,1.000000000000,1.000000000000,1.000000000000,1.000000000000,1.000000000000,1.000000000000,1.000000000000,1.000000000000,1.000000000000,1.000000000000,1.000000000000,1.000000000000,1.000000000000,1.000000000000,1.000000000000,1.000000000000,1.000000000000,1.000000000000,1.000000000000,1.000000000000,1.000000000000,1.000000000000,1.000000000000,1.000000000000,1.000000000000,1.000000000000,1.000000000000,1.000000000000,1.000000000000,1.000000000000,1.000000000000,1.000000000000,1.000000000000,1.000000000000,1.000000000000,1.000000000000,1.000000000000,1.000000000000,1.000000000000,1.000000000000,1.000000000000,1.000000000000,1.000000000000,1.000000000000,1.000000000000,1.000000000000,1.000000000000,1.000000000000,1.000000000000,1.000000000000,1.000000000000,1.000000000000,1.000000000000,1.000000000000,1.000000000000,1.000000000000,1.000000000000,1.000000000000,1.000000000000,1.000000000000,1.000000000000,1.000000000000,1.000000000000,1.000000000000,1.000000000000,1.000000000000,1.000000000000,1.000000000000,1.000000000000,1.000000000000,1.000000000000,1.000000000000,1.000000000000,1.000000000000))) REPRESENTATION_ITEM('') SURFACE() );
#407 = CARTESIAN_POINT('',(0.000000000000,0.000000000000,4.000000000000));
#408 = VERTEX_POINT('',#407);
#409 = CARTESIAN_POINT('',(0.000000000000,-4.000000000000,0.000000000000));
#410 = VERTEX_POINT('',#409);
#411 = CARTESIAN_POINT('',(0.000000000000,0.000000000000,4.000000000000));
#412 = CARTESIAN_POINT('',(0.000000000000,-4.000000000000,4.000000000000));
#413 = CARTESIAN_POINT('',(0.000000000000,-4.000000000000,0.000000000000));
#414 = ( BOUNDED_CURVE() B_SPLINE_CURVE(2,(#411,#412,#413),.UNSPECIFIED.,.F.,.F.) B_SPLINE_CURVE_WITH_KNOTS((3,3),(0.000000000000,1.000000000000),.UNSPECIFIED.) GEOMETRIC_REPRESENTATION_ITEM() RATIONAL_B_SPLINE_CURVE((1.000000000000,0.707106781187,1.000000000000)) REPRESENTATION_ITEM('') );
#415 = EDGE_CURVE('',#408,#410,#414,.T.);
#416 = ORIENTED_EDGE('',*,*,#415,.T.);
#417 = CARTESIAN_POINT('',(24.000000000000,80.000000000000,80.000000000000));
#418 = VERTEX_POINT('',#417);
#419 = CARTESIAN_POINT('',(0.000000000000,-4.000000000000,0.000000000000));
#420 = CARTESIAN_POINT('',(2.000000000000,-4.000000000000,0.000000000000));
#421 = CARTESIAN_POINT('',(4.000000000000,-4.000000000000,0.000000000000));
#422 = CARTESIAN_POINT('',(6.000000000000,-4.000000000000,0.000000000000));
#423 = CARTESIAN_POINT('',(8.000000000000,-4.000000000000,0.000000000000));
#424 = CARTESIAN_POINT('',(10.000000000000,-4.000000000000,0.000000000000));
#425 = CARTESIAN_POINT('',(12.000000000000,-4.000000000000,0.000000000000));
#426 = CARTESIAN_POINT('',(14.000000000000,-4.000000000000,0.000000000000));
#427 = CARTESIAN_POINT('',(16.000000000000,-4.000000000000,0.000000000000));
#428 = CARTESIAN_POINT('',(18.000000000000,-4.000000000000,0.000000000000));
#429 = CARTESIAN_POINT('',(20.000000000000,-4.000000000000,0.000000000000));
#430 = CARTESIAN_POINT('',(22.000000000000,-4.000000000000,0.000000000000));
#431 = CARTESIAN_POINT('',(24.000000000000,-4.000000000000,0.000000000000));
#432 = CARTESIAN_POINT('',(26.000000000000,-4.000000000000,0.000000000000));
#433 = CARTESIAN_POINT('',(28.000000000000,-4.000000000000,0.000000000000));
#434 = CARTESIAN_POINT('',(30.000000000000,-4.000000000000,0.000000000000));
#435 = CARTESIAN_POINT('',(32.000000000000,-4.000000000000,0.000000000000));
#436 = CARTESIAN_POINT('',(34.000000000000,-4.000000000000,0.000000000000));
#437 = CARTESIAN_POINT('',(36.000000000000,-4.000000000000,0.000000000000));
#438 = CARTESIAN_POINT('',(38.000000000000,-4.000000000000,0.000000000000));
#439 = CARTESIAN_POINT('',(40.000000000000,-4.000000000000,0.000000000000));
#440 = CARTESIAN_POINT('',(42.000000000000,-4.000000000000,0.000000000000));
#441 = CARTESIAN_POINT('',(44.000000000000,-4.000000000000,0.000000000000));
#442 = CARTESIAN_POINT('',(46.000000000000,-4.000000000000,0.000000000000));
#443 = CARTESIAN_POINT('',(48.000000000000,-4.000000000000,0.000000000000));
#444 = CARTESIAN_POINT('',(50.241159665630,-3.992723633771,0.000000000000));
#445 = CARTESIAN_POINT('',(51.933876502413,-3.860075503601,0.000000000000));
#446 = CARTESIAN_POINT('',(53.667423716278,-3.504813149376,0.000000000000));
#447 = CARTESIAN_POINT('',(55.399076591741,-2.910088851181,0.000000000000));
#448 = CARTESIAN_POINT('',(57.080063503421,-2.070058022974,0.000000000000));
#449 = CARTESIAN_POINT('',(58.659220133814,-0.992176712047,0.000000000000));
#450 = CARTESIAN_POINT('',(60.087577415266,0.302019587268,0.000000000000));
#451 = CARTESIAN_POINT('',(61.323120940594,1.778045727740,0.000000000000));
#452 = CARTESIAN_POINT('',(62.334810031584,3.391453739769,0.000000000000));
#453 = CARTESIAN_POINT('',(63.105075268437,5.092151477187,0.000000000000));
#454 = CARTESIAN_POINT('',(63.630393875573,6.829206079094,0.000000000000));
#455 = CARTESIAN_POINT('',(63.920026153363,8.555235463780,0.000000000000));
#456 = CARTESIAN_POINT('',(64.000000000000,10.000000000000,0.000000000000));
#457 = CARTESIAN_POINT('',(64.000000000000,12.000000000000,0.000000000000));
#458 = CARTESIAN_POINT('',(64.000000000000,14.000000000000,0.000000000000));
#459 = CARTESIAN_POINT('',(64.000000000000,16.000000000000,0.000000000000));
#460 = CARTESIAN_POINT('',(64.000000000000,18.000000000000,0.000000000000));
#461 = CARTESIAN_POINT('',(64.000000000000,20.000000000000,0.000000000000));
#462 = CARTESIAN_POINT('',(64.000000000000,22.000000000000,0.000000000000));
#463 = CARTESIAN_POINT('',(64.000000000000,24.000000000000,0.000000000000));
#464 = CARTESIAN_POINT('',(64.000000000000,26.000000000000,0.000000000000));
#465 = CARTESIAN_POINT('',(64.000000000000,28.000000000000,0.000000000000));
#466 = CARTESIAN_POINT('',(64.000000000000,30.000000000000,0.000000000000));
#467 = CARTESIAN_POINT('',(64.000000000000,32.000000000000,0.000000000000));
#468 = CARTESIAN_POINT('',(64.000000000000,34.000000000000,0.000000000000));
#469 = CARTESIAN_POINT('',(64.000000000000,36.000000000000,0.000000000000));
#470 = CARTESIAN_POINT('',(64.000000000000,38.000000000000,0.000000000000));
#471 = CARTESIAN_POINT('',(64.000000000000,40.000000000000,0.000000000000));
#472 = CARTESIAN_POINT('',(64.000000000000,41.203604870591,0.072697480408));
#473 = CARTESIAN_POINT('',(64.000000000000,42.440522289084,0.302379108437));
#474 = CARTESIAN_POINT('',(64.000000000000,43.680947095619,0.702116989376));
#475 = CARTESIAN_POINT('',(64.000000000000,44.890416764109,1.277395808973));
#476 = CARTESIAN_POINT('',(64.000000000000,46.032307532947,2.024332891353));
#477 = CARTESIAN_POINT('',(64.000000000000,47.071067811865,2.928932188135));
#478 = CARTESIAN_POINT('',(64.000000000000,47.975667108647,3.967692467053));
#479 = CARTESIAN_POINT('',(64.000000000000,48.722604191027,5.109583235891));
#480 = CARTESIAN_POINT('',(64.000000000000,49.297883010624,6.319052904381));
#481 = CARTESIAN_POINT('',(64.000000000000,49.697620891563,7.559477710916));
#482 = CARTESIAN_POINT('',(64.000000000000,49.927302519592,8.796395129410));
#483 = CARTESIAN_POINT('',(64.000000000000,50.000000000000,10.000000000000));
#484 = CARTESIAN_POINT('',(64.000000000000,50.000000000000,12.000000000000));
#485 = CARTESIAN_POINT('',(64.000000000000,50.000000000000,14.000000000000));
#486 = CARTESIAN_POINT('',(64.000000000000,50.000000000000,16.000000000000));
#487 = CARTESIAN_POINT('',(64.000000000000,50.000000000000,18.000000000000));
#488 = CARTESIAN_POINT('',(64.000000000000,50.000000000000,20.000000000000));
#489 = CARTESIAN_POINT('',(64.000000000000,50.000000000000,22.000000000000));
#490 = CARTESIAN_POINT('',(64.000000000000,50.000000000000,24.000000000000));
#491 = CARTESIAN_POINT('',(64.000000000000,50.000000000000,26.000000000000));
#492 = CARTESIAN_POINT('',(64.000000000000,50.000000000000,28.000000000000));
#493 = CARTESIAN_POINT('',(63.995343125613,50.003492655790,30.192927732504));
#494 = CARTESIAN_POINT('',(63.898816725439,50.075887455920,31.787822176049));
#495 = CARTESIAN_POINT('',(63.634699758251,50.273975181312,33.422043430839));
#496 = CARTESIAN_POINT('',(63.190118146456,50.607411390158,35.055450692516));
#497 = CARTESIAN_POINT('',(62.560453805268,51.079659646049,36.642134155559));
#498 = CARTESIAN_POINT('',(61.751099833094,51.686675125180,38.133837613641));
#499 = CARTESIAN_POINT('',(60.778078314047,52.416441264465,39.484275494586));
#500 = CARTESIAN_POINT('',(59.667219939518,53.249585045362,40.653630174204));
#501 = CARTESIAN_POINT('',(58.451936288805,54.161047783396,41.612368863473));
#502 = CARTESIAN_POINT('',(57.169974589900,55.122519057575,42.343636816874));
#503 = CARTESIAN_POINT('',(55.859791675634,56.105156243275,42.843839278771));
#504 = CARTESIAN_POINT('',(54.557226082475,57.082080438143,43.121481426608));
#505 = CARTESIAN_POINT('',(53.440000000000,57.920000000000,43.200000000000));
#506 = CARTESIAN_POINT('',(51.840000000000,59.120000000000,43.200000000000));
#507 = CARTESIAN_POINT('',(50.240000000000,60.320000000000,43.200000000000));
#508 = CARTESIAN_POINT('',(48.640000000000,61.520000000000,43.200000000000));
#509 = CARTESIAN_POINT('',(47.040000000000,62.720000000000,43.200000000000));
#510 = CARTESIAN_POINT('',(45.440000000000,63.920000000000,43.200000000000));
#511 = CARTESIAN_POINT('',(43.840000000000,65.120000000000,43.200000000000));
#512 = CARTESIAN_POINT('',(42.240000000000,66.320000000000,43.200000000000));
#513 = CARTESIAN_POINT('',(40.640000000000,67.520000000000,43.200000000000));
#514 = CARTESIAN_POINT('',(39.040000000000,68.720000000000,43.200000000000));
#515 = CARTESIAN_POINT('',(37.440000000000,69.920000000000,43.200000000000));
#516 = CARTESIAN_POINT('',(35.840000000000,71.120000000000,43.200000000000));
#517 = CARTESIAN_POINT('',(34.240000000000,72.320000000000,43.200000000000));
#518 = CARTESIAN_POINT('',(32.640000000000,73.520000000000,43.200000000000));
#519 = CARTESIAN_POINT('',(31.040000000000,74.720000000000,43.200000000000));
#520 = CARTESIAN_POINT('',(29.594342186003,75.804243360498,43.194178907017));
#521 = CARTESIAN_POINT('',(28.944489947894,76.291632539079,43.218915867616));
#522 = CARTESIAN_POINT('',(28.272799082138,76.795400688397,43.348132914687));
#523 = CARTESIAN_POINT('',(27.594845201023,77.303866099233,43.591881661821));
#524 = CARTESIAN_POINT('',(26.929040501873,77.803219623595,43.955358874531));
#525 = CARTESIAN_POINT('',(26.295378038197,78.278466471352,44.437540574074));
#526 = CARTESIAN_POINT('',(25.713711896684,78.714716077487,45.030462268828));
#527 = CARTESIAN_POINT('',(25.201836765529,79.098622425853,45.719409858503));
#528 = CARTESIAN_POINT('',(24.773728385135,79.419703711149,46.484086832789));
#529 = CARTESIAN_POINT('',(24.438296636501,79.671277522625,47.300574046137));
#530 = CARTESIAN_POINT('',(24.198877996515,79.850841502613,48.143695016375));
#531 = CARTESIAN_POINT('',(24.053501109940,79.959874167545,48.989322861913));
#532 = CARTESIAN_POINT('',(24.000000000000,80.000000000000,50.000000000000));
#533 = CARTESIAN_POINT('',(24.000000000000,80.000000000000,52.000000000000));
#534 = CARTESIAN_POINT('',(24.000000000000,80.000000000000,54.000000000000));
#535 = CARTESIAN_POINT('',(24.000000000000,80.000000000000,56.000000000000));
#536 = CARTESIAN_POINT('',(24.000000000000,80.000000000000,58.000000000000));
#537 = CARTESIAN_POINT('',(24.000000000000,80.000000000000,60.000000000000));
#538 = CARTESIAN_POINT('',(24.000000000000,80.000000000000,62.000000000000));
#539 = CARTESIAN_POINT('',(24.000000000000,80.000000000000,64.000000000000));
#540 = CARTESIAN_POINT('',(24.000000000000,80.000000000000,66.000000000000));
#541 = CARTESIAN_POINT('',(24.000000000000,80.000000000000,68.000000000000));
#542 = CARTESIAN_POINT('',(24.000000000000,80.000000000000,70.000000000000));
#543 = CARTESIAN_POINT('',(24.000000000000,80.000000000000,72.000000000000));
#544 = CARTESIAN_POINT('',(24.000000000000,80.000000000000,74.000000000000));
#545 = CARTESIAN_POINT('',(24.000000000000,80.000000000000,76.000000000000));
#546 = CARTESIAN_POINT('',(24.000000000000,80.000000000000,78.000000000000));
#547 = CARTESIAN_POINT('',(24.000000000000,80.000000000000,80.000000000000));
#548 = B_SPLINE_CURVE_WITH_KNOTS('',1,(#419,#420,#421,#422,#423,#424,#425,#426,#427,#428,#429,#430,#431,#432,#433,#434,#435,#436,#437,#438,#439,#440,#441,#442,#443,#444,#445,#446,#447,#448,#449,#450,#451,#452,#453,#454,#455,#456,#457,#458,#459,#460,#461,#462,#463,#464,#465,#466,#467,#468,#469,#470,#471,#472,#473,#474,#475,#476,#477,#478,#479,#480,#481,#482,#483,#484,#485,#486,#487,#488,#489,#490,#491,#492,#493,#494,#495,#496,#497,#498,#499,#500,#501,#502,#503,#504,#505,#506,#507,#508,#509,#510,#511,#512,#513,#514,#515,#516,#517,#518,#519,#520,#521,#522,#523,#524,#525,#526,#527,#528,#529,#530,#531,#532,#533,#534,#535,#536,#537,#538,#539,#540,#541,#542,#543,#544,#545,#546,#547),.UNSPECIFIED.,.F.,.F.,(2,1,1,1,1,1,1,1,1,1,1,1,1,1,1,1,1,1,1,1,1,1,1,1,1,1,1,1,1,1,1,1,1,1,1,1,1,1,1,1,1,1,1,1,1,1,1,1,1,1,1,1,1,1,1,1,1,1,1,1,1,1,1,1,1,1,1,1,1,1,1,1,1,1,1,1,1,1,1,1,1,1,1,1,1,1,1,1,1,1,1,1,1,1,1,1,1,1,1,1,1,1,1,1,1,1,1,1,1,1,1,1,1,1,1,1,1,1,1,1,1,1,1,1,1,1,1,1,2),(0.000000000000,0.007812500000,0.015625000000,0.023437500000,0.031250000000,0.039062500000,0.046875000000,0.054687500000,0.062500000000,0.070312500000,0.078125000000,0.085937500000,0.093750000000,0.101562500000,0.109375000000,0.117187500000,0.125000000000,0.132812500000,0.140625000000,0.148437500000,0.156250000000,0.164062500000,0.171875000000,0.179687500000,0.187500000000,0.195312500000,0.203125000000,0.210937500000,0.218750000000,0.226562500000,0.234375000000,0.242187500000,0.250000000000,0.257812500000,0.265625000000,0.273437500000,0.281250000000,0.289062500000,0.296875000000,0.304687500000,0.312500000000,0.320312500000,0.328125000000,0.335937500000,0.343750000000,0.351562500000,0.359375000000,0.367187500000,0.375000000000,0.382812500000,0.390625000000,0.398437500000,0.406250000000,0.414062500000,0.421875000000,0.429687500000,0.437500000000,0.445312500000,0.453125000000,0.460937500000,0.468750000000,0.476562500000,0.484375000000,0.492187500000,0.500000000000,0.507812500000,0.515625000000,0.523437500000,0.531250000000,0.539062500000,0.546875000000,0.554687500000,0.562500000000,0.570312500000,0.578125000000,0.585937500000,0.593750000000,0.601562500000,0.609375000000,0.617187500000,0.625000000000,0.632812500000,0.640625000000,0.648437500000,0.656250000000,0.664062500000,0.671875000000,0.679687500000,0.687500000000,0.695312500000,0.703125000000,0.710937500000,0.718750000000,0.726562500000,0.734375000000,0.742187500000,0.750000000000,0.757812500000,0.765625000000,0.773437500000,0.781250000000,0.789062500000,0.796875000000,0.804687500000,0.812500000000,0.820312500000,0.828125000000,0.835937500000,0.843750000000,0.851562500000,0.859375000000,0.867187500000,0.875000000000,0.882812500000,0.890625000000,0.898437500000,0.906250000000,0.914062500000,0.921875000000,0.929687500000,0.937500000000,0.945312500000,0.953125000000,0.960937500000,0.968750000000,0.976562500000,0.984375000000,0.992187500000,1.000000000000),.UNSPECIFIED.);
#549 = EDGE_CURVE('',#410,#418,#548,.T.);
#550 = ORIENTED_EDGE('',*,*,#549,.T.);
#551 = CARTESIAN_POINT('',(20.000000000000,76.000000000000,80.000000000000));
#552 = VERTEX_POINT('',#551);
#553 = CARTESIAN_POINT('',(20.000000000000,76.000000000000,80.000000000000));
#554 = CARTESIAN_POINT('',(24.000000000000,76.000000000000,80.000000000000));
#555 = CARTESIAN_POINT('',(24.000000000000,80.000000000000,80.000000000000));
#556 = ( BOUNDED_CURVE() B_SPLINE_CURVE(2,(#553,#554,#555),.UNSPECIFIED.,.F.,.F.) B_SPLINE_CURVE_WITH_KNOTS((3,3),(0.000000000000,1.000000000000),.UNSPECIFIED.) GEOMETRIC_REPRESENTATION_ITEM() RATIONAL_B_SPLINE_CURVE((1.000000000000,0.707106781187,1.000000000000)) REPRESENTATION_ITEM('') );
#557 = EDGE_CURVE('',#552,#418,#556,.T.);
#558 = ORIENTED_EDGE('',*,*,#557,.F.);
#559 = CARTESIAN_POINT('',(0.000000000000,0.000000000000,4.000000000000));
#560 = CARTESIAN_POINT('',(2.000000000000,0.000000000000,4.000000000000));
#561 = CARTESIAN_POINT('',(4.000000000000,0.000000000000,4.000000000000));
#562 = CARTESIAN_POINT('',(6.000000000000,0.000000000000,4.000000000000));
#563 = CARTESIAN_POINT('',(8.000000000000,0.000000000000,4.000000000000));
#564 = CARTESIAN_POINT('',(10.000000000000,0.000000000000,4.000000000000));
#565 = CARTESIAN_POINT('',(12.000000000000,0.000000000000,4.000000000000));
#566 = CARTESIAN_POINT('',(14.000000000000,0.000000000000,4.000000000000));
#567 = CARTESIAN_POINT('',(16.000000000000,0.000000000000,4.000000000000));
#568 = CARTESIAN_POINT('',(18.000000000000,0.000000000000,4.000000000000));
#569 = CARTESIAN_POINT('',(20.000000000000,0.000000000000,4.000000000000));
#570 = CARTESIAN_POINT('',(22.000000000000,0.000000000000,4.000000000000));
#571 = CARTESIAN_POINT('',(24.000000000000,0.000000000000,4.000000000000));
#572 = CARTESIAN_POINT('',(26.000000000000,0.000000000000,4.000000000000));
#573 = CARTESIAN_POINT('',(28.000000000000,0.000000000000,4.000000000000));
#574 = CARTESIAN_POINT('',(30.000000000000,0.000000000000,4.000000000000));
#575 = CARTESIAN_POINT('',(32.000000000000,0.000000000000,4.000000000000));
#576 = CARTESIAN_POINT('',(34.000000000000,0.000000000000,4.000000000000));
#577 = CARTESIAN_POINT('',(36.000000000000,0.000000000000,4.000000000000));
#578 = CARTESIAN_POINT('',(38.000000000000,0.000000000000,4.000000000000));
#579 = CARTESIAN_POINT('',(40.000000000000,0.000000000000,4.000000000000));
#580 = CARTESIAN_POINT('',(42.000000000000,0.000000000000,4.000000000000));
#581 = CARTESIAN_POINT('',(44.000000000000,0.000000000000,4.000000000000));
#582 = CARTESIAN_POINT('',(46.000000000000,0.000000000000,4.000000000000));
#583 = CARTESIAN_POINT('',(48.000000000000,0.000000000000,4.000000000000));
#584 = CARTESIAN_POINT('',(50.000000000000,0.000000000000,4.000000000000));
#585 = CARTESIAN_POINT('',(51.203604870590,0.072697480408,4.000000000000));
#586 = CARTESIAN_POINT('',(52.440522289084,0.302379108437,4.000000000000));
#587 = CARTESIAN_POINT('',(53.680947095619,0.702116989376,4.000000000000));
#588 = CARTESIAN_POINT('',(54.890416764109,1.277395808973,4.000000000000));
#589 = CARTESIAN_POINT('',(56.032307532947,2.024332891353,4.000000000000));
#590 = CARTESIAN_POINT('',(57.071067811865,2.928932188135,4.000000000000));
#591 = CARTESIAN_POINT('',(57.975667108647,3.967692467053,4.000000000000));
#592 = CARTESIAN_POINT('',(58.722604191027,5.109583235891,4.000000000000));
#593 = CARTESIAN_POINT('',(59.297883010624,6.319052904381,4.000000000000));
#594 = CARTESIAN_POINT('',(59.697620891563,7.559477710916,4.000000000000));
#595 = CARTESIAN_POINT('',(59.927302519592,8.796395129410,4.000000000000));
#596 = CARTESIAN_POINT('',(60.000000000000,10.000000000000,4.000000000000));
#597 = CARTESIAN_POINT('',(60.000000000000,12.000000000000,4.000000000000));
#598 = CARTESIAN_POINT('',(60.000000000000,14.000000000000,4.000000000000));
#599 = CARTESIAN_POINT('',(60.000000000000,16.000000000000,4.000000000000));
#600 = CARTESIAN_POINT('',(60.000000000000,18.000000000000,4.000000000000));
#601 = CARTESIAN_POINT('',(60.000000000000,20.000000000000,4.000000000000));
#602 = CARTESIAN_POINT('',(60.000000000000,22.000000000000,4.000000000000));
#603 = CARTESIAN_POINT('',(60.000000000000,24.000000000000,4.000000000000));
#604 = CARTESIAN_POINT('',(60.000000000000,26.000000000000,4.000000000000));
#605 = CARTESIAN_POINT('',(60.000000000000,28.000000000000,4.000000000000));
#606 = CARTESIAN_POINT('',(60.000000000000,30.000000000000,4.000000000000));
#607 = CARTESIAN_POINT('',(60.000000000000,32.000000000000,4.000000000000));
#608 = CARTESIAN_POINT('',(60.000000000000,34.000000000000,4.000000000000));
#609 = CARTESIAN_POINT('',(60.000000000000,36.000000000000,4.000000000000));
#610 = CARTESIAN_POINT('',(60.000000000000,38.000000000000,4.000000000000));
#611 = CARTESIAN_POINT('',(60.000000000000,39.758840334370,3.992723633771));
#612 = CARTESIAN_POINT('',(60.000000000000,40.473333238768,4.005470464418));
#613 = CARTESIAN_POINT('',(60.000000000000,41.213620861889,4.109571366249));
#614 = CARTESIAN_POINT('',(60.000000000000,41.962817599497,4.314322829933));
#615 = CARTESIAN_POINT('',(60.000000000000,42.700770024796,4.624849640920));
#616 = CARTESIAN_POINT('',(60.000000000000,43.405394932081,5.040842494754));
#617 = CARTESIAN_POINT('',(60.000000000000,44.054558208465,5.555844789001));
#618 = CARTESIAN_POINT('',(60.000000000000,44.628213276699,6.157339206365));
#619 = CARTESIAN_POINT('',(60.000000000000,45.110398350470,6.827712732013));
#620 = CARTESIAN_POINT('',(60.000000000000,45.490690752812,7.545954331576));
#621 = CARTESIAN_POINT('',(60.000000000000,45.764847907554,8.289749342739));
#622 = CARTESIAN_POINT('',(60.000000000000,45.934578885821,9.037554795039));
#623 = CARTESIAN_POINT('',(60.000000000000,46.000000000000,10.000000000000));
#624 = CARTESIAN_POINT('',(60.000000000000,46.000000000000,12.000000000000));
#625 = CARTESIAN_POINT('',(60.000000000000,46.000000000000,14.000000000000));
#626 = CARTESIAN_POINT('',(60.000000000000,46.000000000000,16.000000000000));
#627 = CARTESIAN_POINT('',(60.000000000000,46.000000000000,18.000000000000));
#628 = CARTESIAN_POINT('',(60.000000000000,46.000000000000,20.000000000000));
#629 = CARTESIAN_POINT('',(60.000000000000,46.000000000000,22.000000000000));
#630 = CARTESIAN_POINT('',(60.000000000000,46.000000000000,24.000000000000));
#631 = CARTESIAN_POINT('',(60.000000000000,46.000000000000,26.000000000000));
#632 = CARTESIAN_POINT('',(60.000000000000,46.000000000000,28.000000000000));
#633 = CARTESIAN_POINT('',(59.996507344210,46.002619491842,30.144695799378));
#634 = CARTESIAN_POINT('',(59.909573047998,46.067820214002,31.641767849684));
#635 = CARTESIAN_POINT('',(59.665548997001,46.250838252249,33.176663145400));
#636 = CARTESIAN_POINT('',(59.252165211967,46.560876091025,34.711824793292));
#637 = CARTESIAN_POINT('',(58.664861192156,47.001354105883,36.204204807696));
#638 = CARTESIAN_POINT('',(57.908458296550,47.568656277588,37.608455093467));
#639 = CARTESIAN_POINT('',(56.997772297908,48.251670776569,38.880973573906));
#640 = CARTESIAN_POINT('',(55.956876461228,49.032342654079,39.984139407815));
#641 = CARTESIAN_POINT('',(54.817035569426,49.887223322931,40.889927695361));
#642 = CARTESIAN_POINT('',(53.613670361548,50.789747228839,41.582198365312));
#643 = CARTESIAN_POINT('',(52.382948214542,51.712788839094,42.057284681969));
#644 = CARTESIAN_POINT('',(51.158640535975,52.631019598019,42.322936699854));
#645 = CARTESIAN_POINT('',(50.080000000000,53.440000000000,42.400000000000));
#646 = CARTESIAN_POINT('',(48.480000000000,54.640000000000,42.400000000000));
#647 = CARTESIAN_POINT('',(46.880000000000,55.840000000000,42.400000000000));
#648 = CARTESIAN_POINT('',(45.280000000000,57.040000000000,42.400000000000));
#649 = CARTESIAN_POINT('',(43.680000000000,58.240000000000,42.400000000000));
#650 = CARTESIAN_POINT('',(42.080000000000,59.440000000000,42.400000000000));
#651 = CARTESIAN_POINT('',(40.480000000000,60.640000000000,42.400000000000));
#652 = CARTESIAN_POINT('',(38.880000000000,61.840000000000,42.400000000000));
#653 = CARTESIAN_POINT('',(37.280000000000,63.040000000000,42.400000000000));
#654 = CARTESIAN_POINT('',(35.680000000000,64.240000000000,42.400000000000));
#655 = CARTESIAN_POINT('',(34.080000000000,65.440000000000,42.400000000000));
#656 = CARTESIAN_POINT('',(32.480000000000,66.640000000000,42.400000000000));
#657 = CARTESIAN_POINT('',(30.880000000000,67.840000000000,42.400000000000));
#658 = CARTESIAN_POINT('',(29.280000000000,69.040000000000,42.400000000000));
#659 = CARTESIAN_POINT('',(27.680000000000,70.240000000000,42.400000000000));
#660 = CARTESIAN_POINT('',(26.195756639502,71.353182520373,42.395634180263));
#661 = CARTESIAN_POINT('',(25.467646486803,71.899265134898,42.432361270814));
#662 = CARTESIAN_POINT('',(24.716494853787,72.462628859660,42.586694463124));
#663 = CARTESIAN_POINT('',(23.959944481644,73.030041638767,42.869440493710));
#664 = CARTESIAN_POINT('',(23.218697023583,73.585977232313,43.285868108141));
#665 = CARTESIAN_POINT('',(22.515072022058,74.113695983456,43.834238653394));
#666 = CARTESIAN_POINT('',(21.871070360140,74.596697229895,44.505079748654));
#667 = CARTESIAN_POINT('',(21.306244152417,75.020316885687,45.281480510640));
#668 = CARTESIAN_POINT('',(20.835775450646,75.373168412016,46.140460933565));
#669 = CARTESIAN_POINT('',(20.469145875251,75.648140593562,47.055193760698));
#670 = CARTESIAN_POINT('',(20.209634319074,75.842774260695,47.997640690010));
#671 = CARTESIAN_POINT('',(20.054665328537,75.959001003597,48.941090928787));
#672 = CARTESIAN_POINT('',(20.000000000000,76.000000000000,50.000000000000));
#673 = CARTESIAN_POINT('',(20.000000000000,76.000000000000,52.000000000000));
#674 = CARTESIAN_POINT('',(20.000000000000,76.000000000000,54.000000000000));
#675 = CARTESIAN_POINT('',(20.000000000000,76.000000000000,56.000000000000));
#676 = CARTESIAN_POINT('',(20.000000000000,76.000000000000,58.000000000000));
#677 = CARTESIAN_POINT('',(20.000000000000,76.000000000000,60.000000000000));
#678 = CARTESIAN_POINT('',(20.000000000000,76.000000000000,62.000000000000));
#679 = CARTESIAN_POINT('',(20.000000000000,76.000000000000,64.000000000000));
#680 = CARTESIAN_POINT('',(20.000000000000,76.000000000000,66.000000000000));
#681 = CARTESIAN_POINT('',(20.000000000000,76.000000000000,68.000000000000));
#682 = CARTESIAN_POINT('',(20.000000000000,76.000000000000,70.000000000000));
#683 = CARTESIAN_POINT('',(20.000000000000,76.000000000000,72.000000000000));
#684 = CARTESIAN_POINT('',(20.000000000000,76.000000000000,74.000000000000));
#685 = CARTESIAN_POINT('',(20.000000000000,76.000000000000,76.000000000000));
#686 = CARTESIAN_POINT('',(20.000000000000,76.000000000000,78.000000000000));
#687 = CARTESIAN_POINT('',(20.000000000000,76.000000000000,80.000000000000));
#688 = B_SPLINE_CURVE_WITH_KNOTS('',1,(#559,#560,#561,#562,#563,#564,#565,#566,#567,#568,#569,#570,#571,#572,#573,#574,#575,#576,#577,#578,#579,#580,#581,#582,#583,#584,#585,#586,#587,#588,#589,#590,#591,#592,#593,#594,#595,#596,#597,#598,#599,#600,#601,#602,#603,#604,#605,#606,#607,#608,#609,#610,#611,#612,#613,#614,#615,#616,#617,#618,#619,#620,#621,#622,#623,#624,#625,#626,#627,#628,#629,#630,#631,#632,#633,#634,#635,#636,#637,#638,#639,#640,#641,#642,#643,#644,#645,#646,#647,#648,#649,#650,#651,#652,#653,#654,#655,#656,#657,#658,#659,#660,#661,#662,#663,#664,#665,#666,#667,#668,#669,#670,#671,#672,#673,#674,#675,#676,#677,#678,#679,#680,#681,#682,#683,#684,#685,#686,#687),.UNSPECIFIED.,.F.,.F.,(2,1,1,1,1,1,1,1,1,1,1,1,1,1,1,1,1,1,1,1,1,1,1,1,1,1,1,1,1,1,1,1,1,1,1,1,1,1,1,1,1,1,1,1,1,1,1,1,1,1,1,1,1,1,1,1,1,1,1,1,1,1,1,1,1,1,1,1,1,1,1,1,1,1,1,1,1,1,1,1,1,1,1,1,1,1,1,1,1,1,1,1,1,1,1,1,1,1,1,1,1,1,1,1,1,1,1,1,1,1,1,1,1,1,1,1,1,1,1,1,1,1,1,1,1,1,1,1,2),(0.000000000000,0.007812500000,0.015625000000,0.023437500000,0.031250000000,0.039062500000,0.046875000000,0.054687500000,0.062500000000,0.070312500000,0.078125000000,0.085937500000,0.093750000000,0.101562500000,0.109375000000,0.117187500000,0.125000000000,0.132812500000,0.140625000000,0.148437500000,0.156250000000,0.164062500000,0.171875000000,0.179687500000,0.187500000000,0.195312500000,0.203125000000,0.210937500000,0.218750000000,0.226562500000,0.234375000000,0.242187500000,0.250000000000,0.257812500000,0.265625000000,0.273437500000,0.281250000000,0.289062500000,0.296875000000,0.304687500000,0.312500000000,0.320312500000,0.328125000000,0.335937500000,0.343750000000,0.351562500000,0.359375000000,0.367187500000,0.375000000000,0.382812500000,0.390625000000,0.398437500000,0.406250000000,0.414062500000,0.421875000000,0.429687500000,0.437500000000,0.445312500000,0.453125000000,0.460937500000,0.468750000000,0.476562500000,0.484375000000,0.492187500000,0.500000000000,0.507812500000,0.515625000000,0.523437500000,0.531250000000,0.539062500000,0.546875000000,0.554687500000,0.562500000000,0.570312500000,0.578125000000,0.585937500000,0.593750000000,0.601562500000,0.609375000000,0.617187500000,0.625000000000,0.632812500000,0.640625000000,0.648437500000,0.656250000000,0.664062500000,0.671875000000,0.679687500000,0.687500000000,0.695312500000,0.703125000000,0.710937500000,0.718750000000,0.726562500000,0.734375000000,0.742187500000,0.750000000000,0.757812500000,0.765625000000,0.773437500000,0.781250000000,0.789062500000,0.796875000000,0.804687500000,0.812500000000,0.820312500000,0.828125000000,0.835937500000,0.843750000000,0.851562500000,0.859375000000,0.867187500000,0.875000000000,0.882812500000,0.890625000000,0.898437500000,0.906250000000,0.914062500000,0.921875000000,0.929687500000,0.937500000000,0.945312500000,0.953125000000,0.960937500000,0.968750000000,0.976562500000,0.984375000000,0.992187500000,1.000000000000),.UNSPECIFIED.);
#689 = EDGE_CURVE('',#408,#552,#688,.T.);
#690 = ORIENTED_EDGE('',*,*,#689,.F.);
#691 = EDGE_LOOP('',(#416,#550,#558,#690));
#692 = FACE_OUTER_BOUND('',#691,.T.);
#693 = ADVANCED_FACE('',(#692) ,#406,.T.);
#694 = CARTESIAN_POINT('',(0.000000000000,-4.000000000000,0.000000000000));
#695 = CARTESIAN_POINT('',(2.000000000000,-4.000000000000,0.000000000000));
#696 = CARTESIAN_POINT('',(4.000000000000,-4.000000000000,0.000000000000));
#697 = CARTESIAN_POINT('',(6.000000000000,-4.000000000000,0.000000000000));
#698 = CARTESIAN_POINT('',(8.000000000000,-4.000000000000,0.000000000000));
#699 = CARTESIAN_POINT('',(10.000000000000,-4.000000000000,0.000000000000));
#700 = CARTESIAN_POINT('',(12.000000000000,-4.000000000000,0.000000000000));
#701 = CARTESIAN_POINT('',(14.000000000000,-4.000000000000,0.000000000000));
#702 = CARTESIAN_POINT('',(16.000000000000,-4.000000000000,0.000000000000));
#703 = CARTESIAN_POINT('',(18.000000000000,-4.000000000000,0.000000000000));
#704 = CARTESIAN_POINT('',(20.000000000000,-4.000000000000,0.000000000000));
#705 = CARTESIAN_POINT('',(22.000000000000,-4.000000000000,0.000000000000));
#706 = CARTESIAN_POINT('',(24.000000000000,-4.000000000000,0.000000000000));
#707 = CARTESIAN_POINT('',(26.000000000000,-4.000000000000,0.000000000000));
#708 = CARTESIAN_POINT('',(28.000000000000,-4.000000000000,0.000000000000));
#709 = CARTESIAN_POINT('',(30.000000000000,-4.000000000000,0.000000000000));
#710 = CARTESIAN_POINT('',(32.000000000000,-4.000000000000,0.000000000000));
#711 = CARTESIAN_POINT('',(34.000000000000,-4.000000000000,0.000000000000));
#712 = CARTESIAN_POINT('',(36.000000000000,-4.000000000000,0.000000000000));
#713 = CARTESIAN_POINT('',(38.000000000000,-4.000000000000,0.000000000000));
#714 = CARTESIAN_POINT('',(40.000000000000,-4.000000000000,0.000000000000));
#715 = CARTESIAN_POINT('',(42.000000000000,-4.000000000000,0.000000000000));
#716 = CARTESIAN_POINT('',(44.000000000000,-4.000000000000,0.000000000000));
#717 = CARTESIAN_POINT('',(46.000000000000,-4.000000000000,0.000000000000));
#718 = CARTESIAN_POINT('',(48.000000000000,-4.000000000000,0.000000000000));
#719 = CARTESIAN_POINT('',(50.241159665630,-3.992723633771,0.000000000000));
#720 = CARTESIAN_POINT('',(51.933876502413,-3.860075503601,0.000000000000));
#721 = CARTESIAN_POINT('',(53.667423716278,-3.504813149376,0.000000000000));
#722 = CARTESIAN_POINT('',(55.399076591741,-2.910088851181,0.000000000000));
#723 = CARTESIAN_POINT('',(57.080063503421,-2.070058022974,0.000000000000));
#724 = CARTESIAN_POINT('',(58.659220133814,-0.992176712047,0.000000000000));
#725 = CARTESIAN_POINT('',(60.087577415266,0.302019587268,0.000000000000));
#726 = CARTESIAN_POINT('',(61.323120940594,1.778045727740,0.000000000000));
#727 = CARTESIAN_POINT('',(62.334810031584,3.391453739769,0.000000000000));
#728 = CARTESIAN_POINT('',(63.105075268437,5.092151477187,0.000000000000));
#729 = CARTESIAN_POINT('',(63.630393875573,6.829206079094,0.000000000000));
#730 = CARTESIAN_POINT('',(63.920026153363,8.555235463780,0.000000000000));
#731 = CARTESIAN_POINT('',(64.000000000000,10.000000000000,0.000000000000));
#732 = CARTESIAN_POINT('',(64.000000000000,12.000000000000,0.000000000000));
#733 = CARTESIAN_POINT('',(64.000000000000,14.000000000000,0.000000000000));
#734 = CARTESIAN_POINT('',(64.000000000000,16.000000000000,0.000000000000));
#735 = CARTESIAN_POINT('',(64.000000000000,18.000000000000,0.000000000000));
#736 = CARTESIAN_POINT('',(64.000000000000,20.000000000000,0.000000000000));
#737 = CARTESIAN_POINT('',(64.000000000000,22.000000000000,0.000000000000));
#738 = CARTESIAN_POINT('',(64.000000000000,24.000000000000,0.000000000000));
#739 = CARTESIAN_POINT('',(64.000000000000,26.000000000000,0.000000000000));
#740 = CARTESIAN_POINT('',(64.000000000000,28.000000000000,0.000000000000));
#741 = CARTESIAN_POINT('',(64.000000000000,30.000000000000,0.000000000000));
#742 = CARTESIAN_POINT('',(64.000000000000,32.000000000000,0.000000000000));
#743 = CARTESIAN_POINT('',(64.000000000000,34.000000000000,0.000000000000));
#744 = CARTESIAN_POINT('',(64.000000000000,36.000000000000,0.000000000000));
#745 = CARTESIAN_POINT('',(64.000000000000,38.000000000000,0.000000000000));
#746 = CARTESIAN_POINT('',(64.000000000000,40.000000000000,0.000000000000));
#747 = CARTESIAN_POINT('',(64.000000000000,41.203604870591,0.072697480408));
#748 = CARTESIAN_POINT('',(64.000000000000,42.440522289084,0.302379108437));
#749 = CARTESIAN_POINT('',(64.000000000000,43.680947095619,0.702116989376));
#750 = CARTESIAN_POINT('',(64.000000000000,44.890416764109,1.277395808973));
#751 = CARTESIAN_POINT('',(64.000000000000,46.032307532947,2.024332891353));
#752 = CARTESIAN_POINT('',(64.000000000000,47.071067811865,2.928932188135));
#753 = CARTESIAN_POINT('',(64.000000000000,47.975667108647,3.967692467053));
#754 = CARTESIAN_POINT('',(64.000000000000,48.722604191027,5.109583235891));
#755 = CARTESIAN_POINT('',(64.000000000000,49.297883010624,6.319052904381));
#756 = CARTESIAN_POINT('',(64.000000000000,49.697620891563,7.559477710916));
#757 = CARTESIAN_POINT('',(64.000000000000,49.927302519592,8.796395129410));
#758 = CARTESIAN_POINT('',(64.000000000000,50.000000000000,10.000000000000));
#759 = CARTESIAN_POINT('',(64.000000000000,50.000000000000,12.000000000000));
#760 = CARTESIAN_POINT('',(64.000000000000,50.000000000000,14.000000000000));
#761 = CARTESIAN_POINT('',(64.000000000000,50.000000000000,16.000000000000));
#762 = CARTESIAN_POINT('',(64.000000000000,50.000000000000,18.000000000000));
#763 = CARTESIAN_POINT('',(64.000000000000,50.000000000000,20.000000000000));
#764 = CARTESIAN_POINT('',(64.000000000000,50.000000000000,22.000000000000));
#765 = CARTESIAN_POINT('',(64.000000000000,50.000000000000,24.000000000000));
#766 = CARTESIAN_POINT('',(64.000000000000,50.000000000000,26.000000000000));
#767 = CARTESIAN_POINT('',(64.000000000000,50.000000000000,28.000000000000));
#768 = CARTESIAN_POINT('',(63.995343125613,50.003492655790,30.192927732504));
#769 = CARTESIAN_POINT('',(63.898816725439,50.075887455920,31.787822176049));
#770 = CARTESIAN_POINT('',(63.634699758251,50.273975181312,33.422043430839));
#771 = CARTESIAN_POINT('',(63.190118146456,50.607411390158,35.055450692516));
#772 = CARTESIAN_POINT('',(62.560453805268,51.079659646049,36.642134155559));
#773 = CARTESIAN_POINT('',(61.751099833094,51.686675125180,38.133837613641));
#774 = CARTESIAN_POINT('',(60.778078314047,52.416441264465,39.484275494586));
#775 = CARTESIAN_POINT('',(59.667219939518,53.249585045362,40.653630174204));
#776 = CARTESIAN_POINT('',(58.451936288805,54.161047783396,41.612368863473));
#777 = CARTESIAN_POINT('',(57.169974589900,55.122519057575,42.343636816874));
#778 = CARTESIAN_POINT('',(55.859791675634,56.105156243275,42.843839278771));
#779 = CARTESIAN_POINT('',(54.557226082475,57.082080438143,43.121481426608));
#780 = CARTESIAN_POINT('',(53.440000000000,57.920000000000,43.200000000000));
#781 = CARTESIAN_POINT('',(51.840000000000,59.120000000000,43.200000000000));
#782 = CARTESIAN_POINT('',(50.240000000000,60.320000000000,43.200000000000));
#783 = CARTESIAN_POINT('',(48.640000000000,61.520000000000,43.200000000000));
#784 = CARTESIAN_POINT('',(47.040000000000,62.720000000000,43.200000000000));
#785 = CARTESIAN_POINT('',(45.440000000000,63.920000000000,43.200000000000));
#786 = CARTESIAN_POINT('',(43.840000000000,65.120000000000,43.200000000000));
#787 = CARTESIAN_POINT('',(42.240000000000,66.320000000000,43.200000000000));
#788 = CARTESIAN_POINT('',(40.640000000000,67.520000000000,43.200000000000));
#789 = CARTESIAN_POINT('',(39.040000000000,68.720000000000,43.200000000000));
#790 = CARTESIAN_POINT('',(37.440000000000,69.920000000000,43.200000000000));
#791 = CARTESIAN_POINT('',(35.840000000000,71.120000000000,43.200000000000));
#792 = CARTESIAN_POINT('',(34.240000000000,72.320000000000,43.200000000000));
#793 = CARTESIAN_POINT('',(32.640000000000,73.520000000000,43.200000000000));
#794 = CARTESIAN_POINT('',(31.040000000000,74.720000000000,43.200000000000));
#795 = CARTESIAN_POINT('',(29.594342186003,75.804243360498,43.194178907017));
#796 = CARTESIAN_POINT('',(28.944489947894,76.291632539079,43.218915867616));
#797 = CARTESIAN_POINT('',(28.272799082138,76.795400688397,43.348132914687));
#798 = CARTESIAN_POINT('',(27.594845201023,77.303866099233,43.591881661821));
#799 = CARTESIAN_POINT('',(26.929040501873,77.803219623595,43.955358874531));
#800 = CARTESIAN_POINT('',(26.295378038197,78.278466471352,44.437540574074));
#801 = CARTESIAN_POINT('',(25.713711896684,78.714716077487,45.030462268828));
#802 = CARTESIAN_POINT('',(25.201836765529,79.098622425853,45.719409858503));
#803 = CARTESIAN_POINT('',(24.773728385135,79.419703711149,46.484086832789));
#804 = CARTESIAN_POINT('',(24.438296636501,79.671277522625,47.300574046137));
#805 = CARTESIAN_POINT('',(24.198877996515,79.850841502613,48.143695016375));
#806 = CARTESIAN_POINT('',(24.053501109940,79.959874167545,48.989322861913));
#807 = CARTESIAN_POINT('',(24.000000000000,80.000000000000,50.000000000000));
#808 = CARTESIAN_POINT('',(24.000000000000,80.000000000000,52.000000000000));
#809 = CARTESIAN_POINT('',(24.000000000000,80.000000000000,54.000000000000));
#810 = CARTESIAN_POINT('',(24.000000000000,80.000000000000,56.000000000000));
#811 = CARTESIAN_POINT('',(24.000000000000,80.000000000000,58.000000000000));
#812 = CARTESIAN_POINT('',(24.000000000000,80.000000000000,60.000000000000));
#813 = CARTESIAN_POINT('',(24.000000000000,80.000000000000,62.000000000000));
#814 = CARTESIAN_POINT('',(24.000000000000,80.000000000000,64.000000000000));
#815 = CARTESIAN_POINT('',(24.000000000000,80.000000000000,66.000000000000));
#816 = CARTESIAN_POINT('',(24.000000000000,80.000000000000,68.000000000000));
#817 = CARTESIAN_POINT('',(24.000000000000,80.000000000000,70.000000000000));
#818 = CARTESIAN_POINT('',(24.000000000000,80.000000000000,72.000000000000));
#819 = CARTESIAN_POINT('',(24.000000000000,80.000000000000,74.000000000000));
#820 = CARTESIAN_POINT('',(24.000000000000,80.000000000000,76.000000000000));
#821 = CARTESIAN_POINT('',(24.000000000000,80.000000000000,78.000000000000));
#822 = CARTESIAN_POINT('',(24.000000000000,80.000000000000,80.000000000000));
#823 = CARTESIAN_POINT('',(0.000000000000,-4.000000000000,-4.000000000000));
#824 = CARTESIAN_POINT('',(2.000000000000,-4.000000000000,-4.000000000000));
#825 = CARTESIAN_POINT('',(4.000000000000,-4.000000000000,-4.000000000000));
#826 = CARTESIAN_POINT('',(6.000000000000,-4.000000000000,-4.000000000000));
#827 = CARTESIAN_POINT('',(8.000000000000,-4.000000000000,-4.000000000000));
#828 = CARTESIAN_POINT('',(10.000000000000,-4.000000000000,-4.000000000000));
#829 = CARTESIAN_POINT('',(12.000000000000,-4.000000000000,-4.000000000000));
#830 = CARTESIAN_POINT('',(14.000000000000,-4.000000000000,-4.000000000000));
#831 = CARTESIAN_POINT('',(16.000000000000,-4.000000000000,-4.000000000000));
#832 = CARTESIAN_POINT('',(18.000000000000,-4.000000000000,-4.000000000000));
#833 = CARTESIAN_POINT('',(20.000000000000,-4.000000000000,-4.000000000000));
#834 = CARTESIAN_POINT('',(22.000000000000,-4.000000000000,-4.000000000000));
#835 = CARTESIAN_POINT('',(24.000000000000,-4.000000000000,-4.000000000000));
#836 = CARTESIAN_POINT('',(26.000000000000,-4.000000000000,-4.000000000000));
#837 = CARTESIAN_POINT('',(28.000000000000,-4.000000000000,-4.000000000000));
#838 = CARTESIAN_POINT('',(30.000000000000,-4.000000000000,-4.000000000000));
#839 = CARTESIAN_POINT('',(32.000000000000,-4.000000000000,-4.000000000000));
#840 = CARTESIAN_POINT('',(34.000000000000,-4.000000000000,-4.000000000000));
#841 = CARTESIAN_POINT('',(36.000000000000,-4.000000000000,-4.000000000000));
#842 = CARTESIAN_POINT('',(38.000000000000,-4.000000000000,-4.000000000000));
#843 = CARTESIAN_POINT('',(40.000000000000,-4.000000000000,-4.000000000000));
#844 = CARTESIAN_POINT('',(42.000000000000,-4.000000000000,-4.000000000000));
#845 = CARTESIAN_POINT('',(44.000000000000,-4.000000000000,-4.000000000000));
#846 = CARTESIAN_POINT('',(46.000000000000,-4.000000000000,-4.000000000000));
#847 = CARTESIAN_POINT('',(48.000000000000,-4.000000000000,-4.000000000000));
#848 = CARTESIAN_POINT('',(50.241159665630,-3.992723633771,-4.000000000000));
#849 = CARTESIAN_POINT('',(51.933876502413,-3.860075503601,-4.000000000000));
#850 = CARTESIAN_POINT('',(53.667423716278,-3.504813149376,-4.000000000000));
#851 = CARTESIAN_POINT('',(55.399076591741,-2.910088851181,-4.000000000000));
#852 = CARTESIAN_POINT('',(57.080063503421,-2.070058022974,-4.000000000000));
#853 = CARTESIAN_POINT('',(58.659220133814,-0.992176712047,-4.000000000000));
#854 = CARTESIAN_POINT('',(60.087577415266,0.302019587268,-4.000000000000));
#855 = CARTESIAN_POINT('',(61.323120940594,1.778045727740,-4.000000000000));
#856 = CARTESIAN_POINT('',(62.334810031584,3.391453739769,-4.000000000000));
#857 = CARTESIAN_POINT('',(63.105075268437,5.092151477187,-4.000000000000));
#858 = CARTESIAN_POINT('',(63.630393875573,6.829206079094,-4.000000000000));
#859 = CARTESIAN_POINT('',(63.920026153363,8.555235463780,-4.000000000000));
#860 = CARTESIAN_POINT('',(64.000000000000,10.000000000000,-4.000000000000));
#861 = CARTESIAN_POINT('',(64.000000000000,12.000000000000,-4.000000000000));
#862 = CARTESIAN_POINT('',(64.000000000000,14.000000000000,-4.000000000000));
#863 = CARTESIAN_POINT('',(64.000000000000,16.000000000000,-4.000000000000));
#864 = CARTESIAN_POINT('',(64.000000000000,18.000000000000,-4.000000000000));
#865 = CARTESIAN_POINT('',(64.000000000000,20.000000000000,-4.000000000000));
#866 = CARTESIAN_POINT('',(64.000000000000,22.000000000000,-4.000000000000));
#867 = CARTESIAN_POINT('',(64.000000000000,24.000000000000,-4.000000000000));
#868 = CARTESIAN_POINT('',(64.000000000000,26.000000000000,-4.000000000000));
#869 = CARTESIAN_POINT('',(64.000000000000,28.000000000000,-4.000000000000));
#870 = CARTESIAN_POINT('',(64.000000000000,30.000000000000,-4.000000000000));
#871 = CARTESIAN_POINT('',(64.000000000000,32.000000000000,-4.000000000000));
#872 = CARTESIAN_POINT('',(64.000000000000,34.000000000000,-4.000000000000));
#873 = CARTESIAN_POINT('',(64.000000000000,36.000000000000,-4.000000000000));
#874 = CARTESIAN_POINT('',(64.000000000000,38.000000000000,-4.000000000000));
#875 = CARTESIAN_POINT('',(64.000000000000,40.241159665630,-3.992723633771));
#876 = CARTESIAN_POINT('',(64.000000000000,41.933876502413,-3.860075503601));
#877 = CARTESIAN_POINT('',(64.000000000000,43.667423716278,-3.504813149376));
#878 = CARTESIAN_POINT('',(64.000000000000,45.399076591741,-2.910088851181));
#879 = CARTESIAN_POINT('',(64.000000000000,47.080063503421,-2.070058022974));
#880 = CARTESIAN_POINT('',(64.000000000000,48.659220133814,-0.992176712047));
#881 = CARTESIAN_POINT('',(64.000000000000,50.087577415266,0.302019587268));
#882 = CARTESIAN_POINT('',(64.000000000000,51.323120940594,1.778045727740));
#883 = CARTESIAN_POINT('',(64.000000000000,52.334810031584,3.391453739769));
#884 = CARTESIAN_POINT('',(64.000000000000,53.105075268437,5.092151477187));
#885 = CARTESIAN_POINT('',(64.000000000000,53.630393875573,6.829206079094));
#886 = CARTESIAN_POINT('',(64.000000000000,53.920026153363,8.555235463780));
#887 = CARTESIAN_POINT('',(64.000000000000,54.000000000000,10.000000000000));
#888 = CARTESIAN_POINT('',(64.000000000000,54.000000000000,12.000000000000));
#889 = CARTESIAN_POINT('',(64.000000000000,54.000000000000,14.000000000000));
#890 = CARTESIAN_POINT('',(64.000000000000,54.000000000000,16.000000000000));
#891 = CARTESIAN_POINT('',(64.000000000000,54.000000000000,18.000000000000));
#892 = CARTESIAN_POINT('',(64.000000000000,54.000000000000,20.000000000000));
#893 = CARTESIAN_POINT('',(64.000000000000,54.000000000000,22.000000000000));
#894 = CARTESIAN_POINT('',(64.000000000000,54.000000000000,24.000000000000));
#895 = CARTESIAN_POINT('',(64.000000000000,54.000000000000,26.000000000000));
#896 = CARTESIAN_POINT('',(64.000000000000,54.000000000000,28.000000000000));
#897 = CARTESIAN_POINT('',(63.998835781403,54.000873163947,30.048231933126));
#898 = CARTESIAN_POINT('',(63.931085693115,54.051685730164,31.349659196955));
#899 = CARTESIAN_POINT('',(63.727247474501,54.204564394124,32.685902574523));
#900 = CARTESIAN_POINT('',(63.376259342989,54.467805492759,34.024572994843));
#901 = CARTESIAN_POINT('',(62.873675965933,54.844743025550,35.328346111971));
#902 = CARTESIAN_POINT('',(62.223175223461,55.332618582404,36.557690053121));
#903 = CARTESIAN_POINT('',(61.437160265631,55.922129800777,37.674369732546));
#904 = CARTESIAN_POINT('',(60.536189504648,56.597857871514,38.645157875036));
#905 = CARTESIAN_POINT('',(59.547234130666,57.339574402000,39.445045359139));
#906 = CARTESIAN_POINT('',(58.501061904846,58.124203571365,40.059321462187));
#907 = CARTESIAN_POINT('',(57.429261292359,58.928054030731,40.484175488365));
#908 = CARTESIAN_POINT('',(56.361469442973,59.728897917770,40.725847246346));
#909 = CARTESIAN_POINT('',(55.360000000000,60.480000000000,40.800000000000));
#910 = CARTESIAN_POINT('',(53.760000000000,61.680000000000,40.800000000000));
#911 = CARTESIAN_POINT('',(52.160000000000,62.880000000000,40.800000000000));
#912 = CARTESIAN_POINT('',(50.560000000000,64.080000000000,40.800000000000));
#913 = CARTESIAN_POINT('',(48.960000000000,65.280000000000,40.800000000000));
#914 = CARTESIAN_POINT('',(47.360000000000,66.480000000000,40.800000000000));
#915 = CARTESIAN_POINT('',(45.760000000000,67.680000000000,40.800000000000));
#916 = CARTESIAN_POINT('',(44.160000000000,68.880000000000,40.800000000000));
#917 = CARTESIAN_POINT('',(42.560000000000,70.080000000000,40.800000000000));
#918 = CARTESIAN_POINT('',(40.960000000000,71.280000000000,40.800000000000));
#919 = CARTESIAN_POINT('',(39.360000000000,72.480000000000,40.800000000000));
#920 = CARTESIAN_POINT('',(37.760000000000,73.680000000000,40.800000000000));
#921 = CARTESIAN_POINT('',(36.160000000000,74.880000000000,40.800000000000));
#922 = CARTESIAN_POINT('',(34.560000000000,76.080000000000,40.800000000000));
#923 = CARTESIAN_POINT('',(32.960000000000,77.280000000000,40.800000000000));
#924 = CARTESIAN_POINT('',(31.398585546501,78.451060840124,40.798544726754));
#925 = CARTESIAN_POINT('',(30.513959564619,79.114530326536,40.859252077210));
#926 = CARTESIAN_POINT('',(29.603886397084,79.797085202187,41.063817559999));
#927 = CARTESIAN_POINT('',(28.690143042885,80.482392717837,41.424558157487));
#928 = CARTESIAN_POINT('',(27.798010067003,81.151492449748,41.946886575362));
#929 = CARTESIAN_POINT('',(26.954459989781,81.784155007664,42.627634812033));
#930 = CARTESIAN_POINT('',(26.185787287052,82.360659534711,43.454314708308));
#931 = CARTESIAN_POINT('',(25.515058926194,82.863705805354,44.405621814915));
#932 = CARTESIAN_POINT('',(24.959869581667,83.280097813749,45.453209135116));
#933 = CARTESIAN_POINT('',(24.530844352751,83.601866735437,46.564433189820));
#934 = CARTESIAN_POINT('',(24.231146964191,83.826639776857,47.705532037281));
#935 = CARTESIAN_POINT('',(24.056993765730,83.957254675702,48.844627062535));
#936 = CARTESIAN_POINT('',(24.000000000000,84.000000000000,50.000000000000));
#937 = CARTESIAN_POINT('',(24.000000000000,84.000000000000,52.000000000000));
#938 = CARTESIAN_POINT('',(24.000000000000,84.000000000000,54.000000000000));
#939 = CARTESIAN_POINT('',(24.000000000000,84.000000000000,56.000000000000));
#940 = CARTESIAN_POINT('',(24.000000000000,84.000000000000,58.000000000000));
#941 = CARTESIAN_POINT('',(24.000000000000,84.000000000000,60.000000000000));
#942 = CARTESIAN_POINT('',(24.000000000000,84.000000000000,62.000000000000));
#943 = CARTESIAN_POINT('',(24.000000000000,84.000000000000,64.000000000000));
#944 = CARTESIAN_POINT('',(24.000000000000,84.000000000000,66.000000000000));
#945 = CARTESIAN_POINT('',(24.000000000000,84.000000000000,68.000000000000));
#946 = CARTESIAN_POINT('',(24.000000000000,84.000000000000,70.000000000000));
#947 = CARTESIAN_POINT('',(24.000000000000,84.000000000000,72.000000000000));
#948 = CARTESIAN_POINT('',(24.000000000000,84.000000000000,74.000000000000));
#949 = CARTESIAN_POINT('',(24.000000000000,84.000000000000,76.000000000000));
#950 = CARTESIAN_POINT('',(24.000000000000,84.000000000000,78.000000000000));
#951 = CARTESIAN_POINT('',(24.000000000000,84.000000000000,80.000000000000));
#952 = CARTESIAN_POINT('',(0.000000000000,-0.000000000000,-4.000000000000));
#953 = CARTESIAN_POINT('',(2.000000000000,-0.000000000000,-4.000000000000));
#954 = CARTESIAN_POINT('',(4.000000000000,-0.000000000000,-4.000000000000));
#955 = CARTESIAN_POINT('',(6.000000000000,-0.000000000000,-4.000000000000));
#956 = CARTESIAN_POINT('',(8.000000000000,-0.000000000000,-4.000000000000));
#957 = CARTESIAN_POINT('',(10.000000000000,-0.000000000000,-4.000000000000));
#958 = CARTESIAN_POINT('',(12.000000000000,-0.000000000000,-4.000000000000));
#959 = CARTESIAN_POINT('',(14.000000000000,-0.000000000000,-4.000000000000));
#960 = CARTESIAN_POINT('',(16.000000000000,-0.000000000000,-4.000000000000));
#961 = CARTESIAN_POINT('',(18.000000000000,-0.000000000000,-4.000000000000));
#962 = CARTESIAN_POINT('',(20.000000000000,-0.000000000000,-4.000000000000));
#963 = CARTESIAN_POINT('',(22.000000000000,-0.000000000000,-4.000000000000));
#964 = CARTESIAN_POINT('',(24.000000000000,-0.000000000000,-4.000000000000));
#965 = CARTESIAN_POINT('',(26.000000000000,-0.000000000000,-4.000000000000));
#966 = CARTESIAN_POINT('',(28.000000000000,-0.000000000000,-4.000000000000));
#967 = CARTESIAN_POINT('',(30.000000000000,-0.000000000000,-4.000000000000));
#968 = CARTESIAN_POINT('',(32.000000000000,-0.000000000000,-4.000000000000));
#969 = CARTESIAN_POINT('',(34.000000000000,-0.000000000000,-4.000000000000));
#970 = CARTESIAN_POINT('',(36.000000000000,-0.000000000000,-4.000000000000));
#971 = CARTESIAN_POINT('',(38.000000000000,-0.000000000000,-4.000000000000));
#972 = CARTESIAN_POINT('',(40.000000000000,-0.000000000000,-4.000000000000));
#973 = CARTESIAN_POINT('',(42.000000000000,-0.000000000000,-4.000000000000));
#974 = CARTESIAN_POINT('',(44.000000000000,-0.000000000000,-4.000000000000));
#975 = CARTESIAN_POINT('',(46.000000000000,-0.000000000000,-4.000000000000));
#976 = CARTESIAN_POINT('',(48.000000000000,-0.000000000000,-4.000000000000));
#977 = CARTESIAN_POINT('',(50.000000000000,-0.000000000000,-4.000000000000));
#978 = CARTESIAN_POINT('',(51.203604870590,0.072697480408,-4.000000000000));
#979 = CARTESIAN_POINT('',(52.440522289084,0.302379108437,-4.000000000000));
#980 = CARTESIAN_POINT('',(53.680947095619,0.702116989376,-4.000000000000));
#981 = CARTESIAN_POINT('',(54.890416764109,1.277395808973,-4.000000000000));
#982 = CARTESIAN_POINT('',(56.032307532947,2.024332891353,-4.000000000000));
#983 = CARTESIAN_POINT('',(57.071067811865,2.928932188135,-4.000000000000));
#984 = CARTESIAN_POINT('',(57.975667108647,3.967692467053,-4.000000000000));
#985 = CARTESIAN_POINT('',(58.722604191027,5.109583235891,-4.000000000000));
#986 = CARTESIAN_POINT('',(59.297883010624,6.319052904381,-4.000000000000));
#987 = CARTESIAN_POINT('',(59.697620891563,7.559477710916,-4.000000000000));
#988 = CARTESIAN_POINT('',(59.927302519592,8.796395129410,-4.000000000000));
#989 = CARTESIAN_POINT('',(60.000000000000,10.000000000000,-4.000000000000));
#990 = CARTESIAN_POINT('',(60.000000000000,12.000000000000,-4.000000000000));
#991 = CARTESIAN_POINT('',(60.000000000000,14.000000000000,-4.000000000000));
#992 = CARTESIAN_POINT('',(60.000000000000,16.000000000000,-4.000000000000));
#993 = CARTESIAN_POINT('',(60.000000000000,18.000000000000,-4.000000000000));
#994 = CARTESIAN_POINT('',(60.000000000000,20.000000000000,-4.000000000000));
#995 = CARTESIAN_POINT('',(60.000000000000,22.000000000000,-4.000000000000));
#996 = CARTESIAN_POINT('',(60.000000000000,24.000000000000,-4.000000000000));
#997 = CARTESIAN_POINT('',(60.000000000000,26.000000000000,-4.000000000000));
#998 = CARTESIAN_POINT('',(60.000000000000,28.000000000000,-4.000000000000));
#999 = CARTESIAN_POINT('',(60.000000000000,30.000000000000,-4.000000000000));
#1000 = CARTESIAN_POINT('',(60.000000000000,32.000000000000,-4.000000000000));
#1001 = CARTESIAN_POINT('',(60.000000000000,34.000000000000,-4.000000000000));
#1002 = CARTESIAN_POINT('',(60.000000000000,36.000000000000,-4.000000000000));
#1003 = CARTESIAN_POINT('',(60.000000000000,38.000000000000,-4.000000000000));
#1004 = CARTESIAN_POINT('',(60.000000000000,40.241159665630,-3.992723633771));
#1005 = CARTESIAN_POINT('',(60.000000000000,41.933876502413,-3.860075503601));
#1006 = CARTESIAN_POINT('',(60.000000000000,43.667423716278,-3.504813149376));
#1007 = CARTESIAN_POINT('',(60.000000000000,45.399076591741,-2.910088851181));
#1008 = CARTESIAN_POINT('',(60.000000000000,47.080063503421,-2.070058022974));
#1009 = CARTESIAN_POINT('',(60.000000000000,48.659220133814,-0.992176712047));
#1010 = CARTESIAN_POINT('',(60.000000000000,50.087577415266,0.302019587268));
#1011 = CARTESIAN_POINT('',(60.000000000000,51.323120940594,1.778045727740));
#1012 = CARTESIAN_POINT('',(60.000000000000,52.334810031584,3.391453739769));
#1013 = CARTESIAN_POINT('',(60.000000000000,53.105075268437,5.092151477187));
#1014 = CARTESIAN_POINT('',(60.000000000000,53.630393875573,6.829206079094));
#1015 = CARTESIAN_POINT('',(60.000000000000,53.920026153363,8.555235463780));
#1016 = CARTESIAN_POINT('',(60.000000000000,54.000000000000,10.000000000000));
#1017 = CARTESIAN_POINT('',(60.000000000000,54.000000000000,12.000000000000));
#1018 = CARTESIAN_POINT('',(60.000000000000,54.000000000000,14.000000000000));
#1019 = CARTESIAN_POINT('',(60.000000000000,54.000000000000,16.000000000000));
#1020 = CARTESIAN_POINT('',(60.000000000000,54.000000000000,18.000000000000));
#1021 = CARTESIAN_POINT('',(60.000000000000,54.000000000000,20.000000000000));
#1022 = CARTESIAN_POINT('',(60.000000000000,54.000000000000,22.000000000000));
#1023 = CARTESIAN_POINT('',(60.000000000000,54.000000000000,24.000000000000));
#1024 = CARTESIAN_POINT('',(60.000000000000,54.000000000000,26.000000000000));
#1025 = CARTESIAN_POINT('',(60.000000000000,54.000000000000,28.000000000000));
#1026 = CARTESIAN_POINT('',(60.003492655790,53.997380508158,29.855304200622));
#1027 = CARTESIAN_POINT('',(59.974110983349,54.019416762488,30.765441891497));
#1028 = CARTESIAN_POINT('',(59.850644429501,54.112016677875,31.704381432767));
#1029 = CARTESIAN_POINT('',(59.624447605032,54.281664296226,32.650069397945));
#1030 = CARTESIAN_POINT('',(59.291305513487,54.531520864885,33.576628720521));
#1031 = CARTESIAN_POINT('',(58.852609077285,54.860543192036,34.456159972427));
#1032 = CARTESIAN_POINT('',(58.315936201076,55.263047849193,35.261162049825));
#1033 = CARTESIAN_POINT('',(57.694815591488,55.728888306384,35.967194809478));
#1034 = CARTESIAN_POINT('',(57.007631253148,56.244276560139,36.555280686693));
#1035 = CARTESIAN_POINT('',(56.275844991442,56.793116256419,37.013567655937));
#1036 = CARTESIAN_POINT('',(55.521887447992,57.358584414006,37.337957101158));
#1037 = CARTESIAN_POINT('',(54.767127256970,57.924654557272,37.531668339329));
#1038 = CARTESIAN_POINT('',(53.920000000000,58.560000000000,37.600000000000));
#1039 = CARTESIAN_POINT('',(52.320000000000,59.760000000000,37.600000000000));
#1040 = CARTESIAN_POINT('',(50.720000000000,60.960000000000,37.600000000000));
#1041 = CARTESIAN_POINT('',(49.120000000000,62.160000000000,37.600000000000));
#1042 = CARTESIAN_POINT('',(47.520000000000,63.360000000000,37.600000000000));
#1043 = CARTESIAN_POINT('',(45.920000000000,64.560000000000,37.600000000000));
#1044 = CARTESIAN_POINT('',(44.320000000000,65.760000000000,37.600000000000));
#1045 = CARTESIAN_POINT('',(42.720000000000,66.960000000000,37.600000000000));
#1046 = CARTESIAN_POINT('',(41.120000000000,68.160000000000,37.600000000000));
#1047 = CARTESIAN_POINT('',(39.520000000000,69.360000000000,37.600000000000));
#1048 = CARTESIAN_POINT('',(37.920000000000,70.560000000000,37.600000000000));
#1049 = CARTESIAN_POINT('',(36.320000000000,71.760000000000,37.600000000000));
#1050 = CARTESIAN_POINT('',(34.720000000000,72.960000000000,37.600000000000));
#1051 = CARTESIAN_POINT('',(33.120000000000,74.160000000000,37.600000000000));
#1052 = CARTESIAN_POINT('',(31.520000000000,75.360000000000,37.600000000000));
#1053 = CARTESIAN_POINT('',(29.804243360498,76.646817479627,37.604365819737));
#1054 = CARTESIAN_POINT('',(28.606585720253,77.545060709810,37.713033690003));
#1055 = CARTESIAN_POINT('',(27.378669483680,78.465997887240,38.018063753749));
#1056 = CARTESIAN_POINT('',(26.150540165366,79.387094875975,38.534793485041));
#1057 = CARTESIAN_POINT('',(24.956636153843,80.282522884618,39.268923509804));
#1058 = CARTESIAN_POINT('',(23.833235925226,81.125073056080,40.214427129313));
#1059 = CARTESIAN_POINT('',(22.815221140875,81.888584144344,41.352784627615));
#1060 = CARTESIAN_POINT('',(21.932688473748,82.550483644689,42.653904423465));
#1061 = CARTESIAN_POINT('',(21.208057843711,83.093956617217,44.078705538218));
#1062 = CARTESIAN_POINT('',(20.654241307751,83.509319019187,45.582912048065));
#1063 = CARTESIAN_POINT('',(20.274172254425,83.794370809181,47.121314731823));
#1064 = CARTESIAN_POINT('',(20.061650640117,83.953762019913,48.651699330032));
#1065 = CARTESIAN_POINT('',(20.000000000000,84.000000000000,50.000000000000));
#1066 = CARTESIAN_POINT('',(20.000000000000,84.000000000000,52.000000000000));
#1067 = CARTESIAN_POINT('',(20.000000000000,84.000000000000,54.000000000000));
#1068 = CARTESIAN_POINT('',(20.000000000000,84.000000000000,56.000000000000));
#1069 = CARTESIAN_POINT('',(20.000000000000,84.000000000000,58.000000000000));
#1070 = CARTESIAN_POINT('',(20.000000000000,84.000000000000,60.000000000000));
#1071 = CARTESIAN_POINT('',(20.000000000000,84.000000000000,62.000000000000));
#1072 = CARTESIAN_POINT('',(20.000000000000,84.000000000000,64.000000000000));
#1073 = CARTESIAN_POINT('',(20.000000000000,84.000000000000,66.000000000000));
#1074 = CARTESIAN_POINT('',(20.000000000000,84.000000000000,68.000000000000));
#1075 = CARTESIAN_POINT('',(20.000000000000,84.000000000000,70.000000000000));
#1076 = CARTESIAN_POINT('',(20.000000000000,84.000000000000,72.000000000000));
#1077 = CARTESIAN_POINT('',(20.000000000000,84.000000000000,74.000000000000));
#1078 = CARTESIAN_POINT('',(20.000000000000,84.000000000000,76.000000000000));
#1079 = CARTESIAN_POINT('',(20.000000000000,84.000000000000,78.000000000000));
#1080 = CARTESIAN_POINT('',(20.000000000000,84.000000000000,80.000000000000));
#1081 = ( BOUNDED_SURFACE() B_SPLINE_SURFACE(2,1,((#694,#695,#696,#697,#698,#699,#700,#701,#702,#703,#704,#705,#706,#707,#708,#709,#710,#711,#712,#713,#714,#715,#716,#717,#718,#719,#720,#721,#722,#723,#724,#725,#726,#727,#728,#729,#730,#731,#732,#733,#734,#735,#736,#737,#738,#739,#740,#741,#742,#743,#744,#745,#746,#747,#748,#749,#750,#751,#752,#753,#754,#755,#756,#757,#758,#759,#760,#761,#762,#763,#764,#765,#766,#767,#768,#769,#770,#771,#772,#773,#774,#775,#776,#777,#778,#779,#780,#781,#782,#783,#784,#785,#786,#787,#788,#789,#790,#791,#792,#793,#794,#795,#796,#797,#798,#799,#800,#801,#802,#803,#804,#805,#806,#807,#808,#809,#810,#811,#812,#813,#814,#815,#816,#817,#818,#819,#820,#821,#822),(#823,#824,#825,#826,#827,#828,#829,#830,#831,#832,#833,#834,#835,#836,#837,#838,#839,#840,#841,#842,#843,#844,#845,#846,#847,#848,#849,#850,#851,#852,#853,#854,#855,#856,#857,#858,#859,#860,#861,#862,#863,#864,#865,#866,#867,#868,#869,#870,#871,#872,#873,#874,#875,#876,#877,#878,#879,#880,#881,#882,#883,#884,#885,#886,#887,#888,#889,#890,#891,#892,#893,#894,#895,#896,#897,#898,#899,#900,#901,#902,#903,#904,#905,#906,#907,#908,#909,#910,#911,#912,#913,#914,#915,#916,#917,#918,#919,#920,#921,#922,#923,#924,#925,#926,#927,#928,#929,#930,#931,#932,#933,#934,#935,#936,#937,#938,#939,#940,#941,#942,#943,#944,#945,#946,#947,#948,#949,#950,#951),(#952,#953,#954,#955,#956,#957,#958,#959,#960,#961,#962,#963,#964,#965,#966,#967,#968,#969,#970,#971,#972,#973,#974,#975,#976,#977,#978,#979,#980,#981,#982,#983,#984,#985,#986,#987,#988,#989,#990,#991,#992,#993,#994,#995,#996,#997,#998,#999,#1000,#1001,#1002,#1003,#1004,#1005,#1006,#1007,#1008,#1009,#1010,#1011,#1012,#1013,#1014,#1015,#1016,#1017,#1018,#1019,#1020,#1021,#1022,#1023,#1024,#1025,#1026,#1027,#1028,#1029,#1030,#1031,#1032,#1033,#1034,#1035,#1036,#1037,#1038,#1039,#1040,#1041,#1042,#1043,#1044,#1045,#1046,#1047,#1048,#1049,#1050,#1051,#1052,#1053,#1054,#1055,#1056,#1057,#1058,#1059,#1060,#1061,#1062,#1063,#1064,#1065,#1066,#1067,#1068,#1069,#1070,#1071,#1072,#1073,#1074,#1075,#1076,#1077,#1078,#1079,#1080)),.UNSPECIFIED.,.F.,.F.,.F.) B_SPLINE_SURFACE_WITH_KNOTS((3,3),(2,1,1,1,1,1,1,1,1,1,1,1,1,1,1,1,1,1,1,1,1,1,1,1,1,1,1,1,1,1,1,1,1,1,1,1,1,1,1,1,1,1,1,1,1,1,1,1,1,1,1,1,1,1,1,1,1,1,1,1,1,1,1,1,1,1,1,1,1,1,1,1,1,1,1,1,1,1,1,1,1,1,1,1,1,1,1,1,1,1,1,1,1,1,1,1,1,1,1,1,1,1,1,1,1,1,1,1,1,1,1,1,1,1,1,1,1,1,1,1,1,1,1,1,1,1,1,1,2),(0.000000000000,1.000000000000),(0.000000000000,0.007812500000,0.015625000000,0.023437500000,0.031250000000,0.039062500000,0.046875000000,0.054687500000,0.062500000000,0.070312500000,0.078125000000,0.085937500000,0.093750000000,0.101562500000,0.109375000000,0.117187500000,0.125000000000,0.132812500000,0.140625000000,0.148437500000,0.156250000000,0.164062500000,0.171875000000,0.179687500000,0.187500000000,0.195312500000,0.203125000000,0.210937500000,0.218750000000,0.226562500000,0.234375000000,0.242187500000,0.250000000000,0.257812500000,0.265625000000,0.273437500000,0.281250000000,0.289062500000,0.296875000000,0.304687500000,0.312500000000,0.320312500000,0.328125000000,0.335937500000,0.343750000000,0.351562500000,0.359375000000,0.367187500000,0.375000000000,0.382812500000,0.390625000000,0.398437500000,0.406250000000,0.414062500000,0.421875000000,0.429687500000,0.437500000000,0.445312500000,0.453125000000,0.460937500000,0.468750000000,0.476562500000,0.484375000000,0.492187500000,0.500000000000,0.507812500000,0.515625000000,0.523437500000,0.531250000000,0.539062500000,0.546875000000,0.554687500000,0.562500000000,0.570312500000,0.578125000000,0.585937500000,0.593750000000,0.601562500000,0.609375000000,0.617187500000,0.625000000000,0.632812500000,0.640625000000,0.648437500000,0.656250000000,0.664062500000,0.671875000000,0.679687500000,0.687500000000,0.695312500000,0.703125000000,0.710937500000,0.718750000000,0.726562500000,0.734375000000,0.742187500000,0.750000000000,0.757812500000,0.765625000000,0.773437500000,0.781250000000,0.789062500000,0.796875000000,0.804687500000,0.812500000000,0.820312500000,0.828125000000,0.835937500000,0.843750000000,0.851562500000,0.859375000000,0.867187500000,0.875000000000,0.882812500000,0.890625000000,0.898437500000,0.906250000000,0.914062500000,0.921875000000,0.929687500000,0.937500000000,0.945312500000,0.953125000000,0.960937500000,0.968750000000,0.976562500000,0.984375000000,0.992187500000,1.000000000000),.UNSPECIFIED.) GEOMETRIC_REPRESENTATION_ITEM() RATIONAL_B_SPLINE_SURFACE(((1.000000000000,1.000000000000,1.000000000000,1.000000000000,1.000000000000,1.000000000000,1.000000000000,1.000000000000,1.000000000000,1.000000000000,1.000000000000,1.000000000000,1.000000000000,1.000000000000,1.000000000000,1.000000000000,1.000000000000,1.000000000000,1.000000000000,1.000000000000,1.000000000000,1.000000000000,1.000000000000,1.000000000000,1.000000000000,1.000000000000,1.000000000000,1.000000000000,1.000000000000,1.000000000000,1.000000000000,1.000000000000,1.000000000000,1.000000000000,1.000000000000,1.000000000000,1.000000000000,1.000000000000,1.000000000000,1.000000000000,1.000000000000,1.000000000000,1.000000000000,1.000000000000,1.000000000000,1.000000000000,1.000000000000,1.000000000000,1.000000000000,1.000000000000,1.000000000000,1.000000000000,1.000000000000,1.000000000000,1.000000000000,1.000000000000,1.000000000000,1.000000000000,1.000000000000,1.000000000000,1.000000000000,1.000000000000,1.000000000000,1.000000000000,1.000000000000,1.000000000000,1.000000000000,1.000000000000,1.000000000000,1.000000000000,1.000000000000,1.000000000000,1.000000000000,1.000000000000,1.000000000000,1.000000000000,1.000000000000,1.000000000000,1.000000000000,1.000000000000,1.000000000000,1.000000000000,1.000000000000,1.000000000000,1.000000000000,1.000000000000,1.000000000000,1.000000000000,1.000000000000,1.000000000000,1.000000000000,1.000000000000,1.000000000000,1.000000000000,1.000000000000,1.000000000000,1.000000000000,1.000000000000,1.000000000000,1.000000000000,1.000000000000,1.000000000000,1.000000000000,1.000000000000,1.000000000000,1.000000000000,1.000000000000,1.000000000000,1.000000000000,1.000000000000,1.000000000000,1.000000000000,1.000000000000,1.000000000000,1.000000000000,1.000000000000,1.000000000000,1.000000000000,1.000000000000,1.000000000000,1.000000000000,1.000000000000,1.000000000000,1.000000000000,1.000000000000,1.000000000000,1.000000000000,1.000000000000,1.000000000000),(0.707106781187,0.707106781187,0.707106781187,0.707106781187,0.707106781187,0.707106781187,0.707106781187,0.707106781187,0.707106781187,0.707106781187,0.707106781187,0.707106781187,0.707106781187,0.707106781187,0.707106781187,0.707106781187,0.707106781187,0.707106781187,0.707106781187,0.707106781187,0.707106781187,0.707106781187,0.707106781187,0.707106781187,0.707106781187,0.707106781187,0.707106781187,0.707106781187,0.707106781187,0.707106781187,0.707106781187,0.707106781187,0.707106781187,0.707106781187,0.707106781187,0.707106781187,0.707106781187,0.707106781187,0.707106781187,0.707106781187,0.707106781187,0.707106781187,0.707106781187,0.707106781187,0.707106781187,0.707106781187,0.707106781187,0.707106781187,0.707106781187,0.707106781187,0.707106781187,0.707106781187,0.707106781187,0.707106781187,0.707106781187,0.707106781187,0.707106781187,0.707106781187,0.707106781187,0.707106781187,0.707106781187,0.707106781187,0.707106781187,0.707106781187,0.707106781187,0.707106781187,0.707106781187,0.707106781187,0.707106781187,0.707106781187,0.707106781187,0.707106781187,0.707106781187,0.707106781187,0.707106781187,0.707106781187,0.707106781187,0.707106781187,0.707106781187,0.707106781187,0.707106781187,0.707106781187,0.707106781187,0.707106781187,0.707106781187,0.707106781187,0.707106781187,0.707106781187,0.707106781187,0.707106781187,0.707106781187,0.707106781187,0.707106781187,0.707106781187,0.707106781187,0.707106781187,0.707106781187,0.707106781187,0.707106781187,0.707106781187,0.707106781187,0.707106781187,0.707106781187,0.707106781187,0.707106781187,0.707106781187,0.707106781187,0.707106781187,0.707106781187,0.707106781187,0.707106781187,0.707106781187,0.707106781187,0.707106781187,0.707106781187,0.707106781187,0.707106781187,0.707106781187,0.707106781187,0.707106781187,0.707106781187,0.707106781187,0.707106781187,0.707106781187,0.707106781187,0.707106781187,0.707106781187,0.707106781187,0.707106781187),(1.000000000000,1.000000000000,1.000000000000,1.000000000000,1.000000000000,1.000000000000,1.000000000000,1.000000000000,1.000000000000,1.000000000000,1.000000000000,1.000000000000,1.000000000000,1.000000000000,1.000000000000,1.000000000000,1.000000000000,1.000000000000,1.000000000000,1.000000000000,1.000000000000,1.000000000000,1.000000000000,1.000000000000,1.000000000000,1.000000000000,1.000000000000,1.000000000000,1.000000000000,1.000000000000,1.000000000000,1.000000000000,1.000000000000,1.000000000000,1.000000000000,1.000000000000,1.000000000000,1.000000000000,1.000000000000,1.000000000000,1.000000000000,1.000000000000,1.000000000000,1.000000000000,1.000000000000,1.000000000000,1.000000000000,1.000000000000,1.000000000000,1.000000000000,1.000000000000,1.000000000000,1.000000000000,1.000000000000,1.000000000000,1.000000000000,1.000000000000,1.000000000000,1.000000000000,1.000000000000,1.000000000000,1.000000000000,1.000000000000,1.000000000000,1.000000000000,1.000000000000,1.000000000000,1.000000000000,1.000000000000,1.000000000000,1.000000000000,1.000000000000,1.000000000000,1.000000000000,1.000000000000,1.000000000000,1.000000000000,1.000000000000,1.000000000000,1.000000000000,1.000000000000,1.000000000000,1.000000000000,1.000000000000,1.000000000000,1.000000000000,1.000000000000,1.000000000000,1.000000000000,1.000000000000,1.000000000000,1.000000000000,1.000000000000,1.000000000000,1.000000000000,1.000000000000,1.000000000000,1.000000000000,1.000000000000,1.000000000000,1.000000000000,1.000000000000,1.000000000000,1.000000000000,1.000000000000,1.000000000000,1.000000000000,1.000000000000,1.000000000000,1.000000000000,1.000000000000,1.000000000000,1.000000000000,1.000000000000,1.000000000000,1.000000000000,1.000000000000,1.000000000000,1.000000000000,1.000000000000,1.000000000000,1.000000000000,1.000000000000,1.000000000000,1.000000000000,1.000000000000,1.000000000000,1.000000000000,1.000000000000))) REPRESENTATION_ITEM('') SURFACE() );
#1082 = CARTESIAN_POINT('',(0.000000000000,-0.000000000000,-4.000000000000));
#1083 = VERTEX_POINT('',#1082);
#1084 = CARTESIAN_POINT('',(0.000000000000,-4.000000000000,0.000000000000));
#1085 = CARTESIAN_POINT('',(0.000000000000,-4.000000000000,-4.000000000000));
#1086 = CARTESIAN_POINT('',(0.000000000000,-0.000000000000,-4.000000000000));
#1087 = ( BOUNDED_CURVE() B_SPLINE_CURVE(2,(#1084,#1085,#1086),.UNSPECIFIED.,.F.,.F.) B_SPLINE_CURVE_WITH_KNOTS((3,3),(0.000000000000,1.000000000000),.UNSPECIFIED.) GEOMETRIC_REPRESENTATION_ITEM() RATIONAL_B_SPLINE_CURVE((1.000000000000,0.707106781187,1.000000000000)) REPRESENTATION_ITEM('') );
#1088 = EDGE_CURVE('',#410,#1083,#1087,.T.);
#1089 = ORIENTED_EDGE('',*,*,#1088,.T.);
#1090 = CARTESIAN_POINT('',(20.000000000000,84.000000000000,80.000000000000));
#1091 = VERTEX_POINT('',#1090);
#1092 = CARTESIAN_POINT('',(0.000000000000,-0.000000000000,-4.000000000000));
#1093 = CARTESIAN_POINT('',(2.000000000000,-0.000000000000,-4.000000000000));
#1094 = CARTESIAN_POINT('',(4.000000000000,-0.000000000000,-4.000000000000));
#1095 = CARTESIAN_POINT('',(6.000000000000,-0.000000000000,-4.000000000000));
#1096 = CARTESIAN_POINT('',(8.000000000000,-0.000000000000,-4.000000000000));
#1097 = CARTESIAN_POINT('',(10.000000000000,-0.000000000000,-4.000000000000));
#1098 = CARTESIAN_POINT('',(12.000000000000,-0.000000000000,-4.000000000000));
#1099 = CARTESIAN_POINT('',(14.000000000000,-0.000000000000,-4.000000000000));
#1100 = CARTESIAN_POINT('',(16.000000000000,-0.000000000000,-4.000000000000));
#1101 = CARTESIAN_POINT('',(18.000000000000,-0.000000000000,-4.000000000000));
#1102 = CARTESIAN_POINT('',(20.000000000000,-0.000000000000,-4.000000000000));
#1103 = CARTESIAN_POINT('',(22.000000000000,-0.000000000000,-4.000000000000));
#1104 = CARTESIAN_POINT('',(24.000000000000,-0.000000000000,-4.000000000000));
#1105 = CARTESIAN_POINT('',(26.000000000000,-0.000000000000,-4.000000000000));
#1106 = CARTESIAN_POINT('',(28.000000000000,-0.000000000000,-4.000000000000));
#1107 = CARTESIAN_POINT('',(30.000000000000,-0.000000000000,-4.000000000000));
#1108 = CARTESIAN_POINT('',(32.000000000000,-0.000000000000,-4.000000000000));
#1109 = CARTESIAN_POINT('',(34.000000000000,-0.000000000000,-4.000000000000));
#1110 = CARTESIAN_POINT('',(36.000000000000,-0.000000000000,-4.000000000000));
#1111 = CARTESIAN_POINT('',(38.000000000000,-0.000000000000,-4.000000000000));
#1112 = CARTESIAN_POINT('',(40.000000000000,-0.000000000000,-4.000000000000));
#1113 = CARTESIAN_POINT('',(42.000000000000,-0.000000000000,-4.000000000000));
#1114 = CARTESIAN_POINT('',(44.000000000000,-0.000000000000,-4.000000000000));
#1115 = CARTESIAN_POINT('',(46.000000000000,-0.000000000000,-4.000000000000));
#1116 = CARTESIAN_POINT('',(48.000000000000,-0.000000000000,-4.000000000000));
#1117 = CARTESIAN_POINT('',(50.000000000000,-0.000000000000,-4.000000000000));
#1118 = CARTESIAN_POINT('',(51.203604870590,0.072697480408,-4.000000000000));
#1119 = CARTESIAN_POINT('',(52.440522289084,0.302379108437,-4.000000000000));
#1120 = CARTESIAN_POINT('',(53.680947095619,0.702116989376,-4.000000000000));
#1121 = CARTESIAN_POINT('',(54.890416764109,1.277395808973,-4.000000000000));
#1122 = CARTESIAN_POINT('',(56.032307532947,2.024332891353,-4.000000000000));
#1123 = CARTESIAN_POINT('',(57.071067811865,2.928932188135,-4.000000000000));
#1124 = CARTESIAN_POINT('',(57.975667108647,3.967692467053,-4.000000000000));
#1125 = CARTESIAN_POINT('',(58.722604191027,5.109583235891,-4.000000000000));
#1126 = CARTESIAN_POINT('',(59.297883010624,6.319052904381,-4.000000000000));
#1127 = CARTESIAN_POINT('',(59.697620891563,7.559477710916,-4.000000000000));
#1128 = CARTESIAN_POINT('',(59.927302519592,8.796395129410,-4.000000000000));
#1129 = CARTESIAN_POINT('',(60.000000000000,10.000000000000,-4.000000000000));
#1130 = CARTESIAN_POINT('',(60.000000000000,12.000000000000,-4.000000000000));
#1131 = CARTESIAN_POINT('',(60.000000000000,14.000000000000,-4.000000000000));
#1132 = CARTESIAN_POINT('',(60.000000000000,16.000000000000,-4.000000000000));
#1133 = CARTESIAN_POINT('',(60.000000000000,18.000000000000,-4.000000000000));
#1134 = CARTESIAN_POINT('',(60.000000000000,20.000000000000,-4.000000000000));
#1135 = CARTESIAN_POINT('',(60.000000000000,22.000000000000,-4.000000000000));
#1136 = CARTESIAN_POINT('',(60.000000000000,24.000000000000,-4.000000000000));
#1137 = CARTESIAN_POINT('',(60.000000000000,26.000000000000,-4.000000000000));
#1138 = CARTESIAN_POINT('',(60.000000000000,28.000000000000,-4.000000000000));
#1139 = CARTESIAN_POINT('',(60.000000000000,30.000000000000,-4.000000000000));
#1140 = CARTESIAN_POINT('',(60.000000000000,32.000000000000,-4.000000000000));
#1141 = CARTESIAN_POINT('',(60.000000000000,34.000000000000,-4.000000000000));
#1142 = CARTESIAN_POINT('',(60.000000000000,36.000000000000,-4.000000000000));
#1143 = CARTESIAN_POINT('',(60.000000000000,38.000000000000,-4.000000000000));
#1144 = CARTESIAN_POINT('',(60.000000000000,40.241159665630,-3.992723633771));
#1145 = CARTESIAN_POINT('',(60.000000000000,41.933876502413,-3.860075503601));
#1146 = CARTESIAN_POINT('',(60.000000000000,43.667423716278,-3.504813149376));
#1147 = CARTESIAN_POINT('',(60.000000000000,45.399076591741,-2.910088851181));
#1148 = CARTESIAN_POINT('',(60.000000000000,47.080063503421,-2.070058022974));
#1149 = CARTESIAN_POINT('',(60.000000000000,48.659220133814,-0.992176712047));
#1150 = CARTESIAN_POINT('',(60.000000000000,50.087577415266,0.302019587268));
#1151 = CARTESIAN_POINT('',(60.000000000000,51.323120940594,1.778045727740));
#1152 = CARTESIAN_POINT('',(60.000000000000,52.334810031584,3.391453739769));
#1153 = CARTESIAN_POINT('',(60.000000000000,53.105075268437,5.092151477187));
#1154 = CARTESIAN_POINT('',(60.000000000000,53.630393875573,6.829206079094));
#1155 = CARTESIAN_POINT('',(60.000000000000,53.920026153363,8.555235463780));
#1156 = CARTESIAN_POINT('',(60.000000000000,54.000000000000,10.000000000000));
#1157 = CARTESIAN_POINT('',(60.000000000000,54.000000000000,12.000000000000));
#1158 = CARTESIAN_POINT('',(60.000000000000,54.000000000000,14.000000000000));
#1159 = CARTESIAN_POINT('',(60.000000000000,54.000000000000,16.000000000000));
#1160 = CARTESIAN_POINT('',(60.000000000000,54.000000000000,18.000000000000));
#1161 = CARTESIAN_POINT('',(60.000000000000,54.000000000000,20.000000000000));
#1162 = CARTESIAN_POINT('',(60.000000000000,54.000000000000,22.000000000000));
#1163 = CARTESIAN_POINT('',(60.000000000000,54.000000000000,24.000000000000));
#1164 = CARTESIAN_POINT('',(60.000000000000,54.000000000000,26.000000000000));
#1165 = CARTESIAN_POINT('',(60.000000000000,54.000000000000,28.000000000000));
#1166 = CARTESIAN_POINT('',(60.003492655790,53.997380508158,29.855304200622));
#1167 = CARTESIAN_POINT('',(59.974110983349,54.019416762488,30.765441891497));
#1168 = CARTESIAN_POINT('',(59.850644429501,54.112016677875,31.704381432767));
#1169 = CARTESIAN_POINT('',(59.624447605032,54.281664296226,32.650069397945));
#1170 = CARTESIAN_POINT('',(59.291305513487,54.531520864885,33.576628720521));
#1171 = CARTESIAN_POINT('',(58.852609077285,54.860543192036,34.456159972427));
#1172 = CARTESIAN_POINT('',(58.315936201076,55.263047849193,35.261162049825));
#1173 = CARTESIAN_POINT('',(57.694815591488,55.728888306384,35.967194809478));
#1174 = CARTESIAN_POINT('',(57.007631253148,56.244276560139,36.555280686693));
#1175 = CARTESIAN_POINT('',(56.275844991442,56.793116256419,37.013567655937));
#1176 = CARTESIAN_POINT('',(55.521887447992,57.358584414006,37.337957101158));
#1177 = CARTESIAN_POINT('',(54.767127256970,57.924654557272,37.531668339329));
#1178 = CARTESIAN_POINT('',(53.920000000000,58.560000000000,37.600000000000));
#1179 = CARTESIAN_POINT('',(52.320000000000,59.760000000000,37.600000000000));
#1180 = CARTESIAN_POINT('',(50.720000000000,60.960000000000,37.600000000000));
#1181 = CARTESIAN_POINT('',(49.120000000000,62.160000000000,37.600000000000));
#1182 = CARTESIAN_POINT('',(47.520000000000,63.360000000000,37.600000000000));
#1183 = CARTESIAN_POINT('',(45.920000000000,64.560000000000,37.600000000000));
#1184 = CARTESIAN_POINT('',(44.320000000000,65.760000000000,37.600000000000));
#1185 = CARTESIAN_POINT('',(42.720000000000,66.960000000000,37.600000000000));
#1186 = CARTESIAN_POINT('',(41.120000000000,68.160000000000,37.600000000000));
#1187 = CARTESIAN_POINT('',(39.520000000000,69.360000000000,37.600000000000));
#1188 = CARTESIAN_POINT('',(37.920000000000,70.560000000000,37.600000000000));
#1189 = CARTESIAN_POINT('',(36.320000000000,71.760000000000,37.600000000000));
#1190 = CARTESIAN_POINT('',(34.720000000000,72.960000000000,37.600000000000));
#1191 = CARTESIAN_POINT('',(33.120000000000,74.160000000000,37.600000000000));
#1192 = CARTESIAN_POINT('',(31.520000000000,75.360000000000,37.600000000000));
#1193 = CARTESIAN_POINT('',(29.804243360498,76.646817479627,37.604365819737));
#1194 = CARTESIAN_POINT('',(28.606585720253,77.545060709810,37.713033690003));
#1195 = CARTESIAN_POINT('',(27.378669483680,78.465997887240,38.018063753749));
#1196 = CARTESIAN_POINT('',(26.150540165366,79.387094875975,38.534793485041));
#1197 = CARTESIAN_POINT('',(24.956636153843,80.282522884618,39.268923509804));
#1198 = CARTESIAN_POINT('',(23.833235925226,81.125073056080,40.214427129313));
#1199 = CARTESIAN_POINT('',(22.815221140875,81.888584144344,41.352784627615));
#1200 = CARTESIAN_POINT('',(21.932688473748,82.550483644689,42.653904423465));
#1201 = CARTESIAN_POINT('',(21.208057843711,83.093956617217,44.078705538218));
#1202 = CARTESIAN_POINT('',(20.654241307751,83.509319019187,45.582912048065));
#1203 = CARTESIAN_POINT('',(20.274172254425,83.794370809181,47.121314731823));
#1204 = CARTESIAN_POINT('',(20.061650640117,83.953762019913,48.651699330032));
#1205 = CARTESIAN_POINT('',(20.000000000000,84.000000000000,50.000000000000));
#1206 = CARTESIAN_POINT('',(20.000000000000,84.000000000000,52.000000000000));
#1207 = CARTESIAN_POINT('',(20.000000000000,84.000000000000,54.000000000000));
#1208 = CARTESIAN_POINT('',(20.000000000000,84.000000000000,56.000000000000));
#1209 = CARTESIAN_POINT('',(20.000000000000,84.000000000000,58.000000000000));
#1210 = CARTESIAN_POINT('',(20.000000000000,84.000000000000,60.000000000000));
#1211 = CARTESIAN_POINT('',(20.000000000000,84.000000000000,62.000000000000));
#1212 = CARTESIAN_POINT('',(20.000000000000,84.000000000000,64.000000000000));
#1213 = CARTESIAN_POINT('',(20.000000000000,84.000000000000,66.000000000000));
#1214 = CARTESIAN_POINT('',(20.000000000000,84.000000000000,68.000000000000));
#1215 = CARTESIAN_POINT('',(20.000000000000,84.000000000000,70.000000000000));
#1216 = CARTESIAN_POINT('',(20.000000000000,84.000000000000,72.000000000000));
#1217 = CARTESIAN_POINT('',(20.000000000000,84.000000000000,74.000000000000));
#1218 = CARTESIAN_POINT('',(20.000000000000,84.000000000000,76.000000000000));
#1219 = CARTESIAN_POINT('',(20.000000000000,84.000000000000,78.000000000000));
#1220 = CARTESIAN_POINT('',(20.000000000000,84.000000000000,80.000000000000));
#1221 = B_SPLINE_CURVE_WITH_KNOTS('',1,(#1092,#1093,#1094,#1095,#1096,#1097,#1098,#1099,#1100,#1101,#1102,#1103,#1104,#1105,#1106,#1107,#1108,#1109,#1110,#1111,#1112,#1113,#1114,#1115,#1116,#1117,#1118,#1119,#1120,#1121,#1122,#1123,#1124,#1125,#1126,#1127,#1128,#1129,#1130,#1131,#1132,#1133,#1134,#1135,#1136,#1137,#1138,#1139,#1140,#1141,#1142,#1143,#1144,#1145,#1146,#1147,#1148,#1149,#1150,#1151,#1152,#1153,#1154,#1155,#1156,#1157,#1158,#1159,#1160,#1161,#1162,#1163,#1164,#1165,#1166,#1167,#1168,#1169,#1170,#1171,#1172,#1173,#1174,#1175,#1176,#1177,#1178,#1179,#1180,#1181,#1182,#1183,#1184,#1185,#1186,#1187,#1188,#1189,#1190,#1191,#1192,#1193,#1194,#1195,#1196,#1197,#1198,#1199,#1200,#1201,#1202,#1203,#1204,#1205,#1206,#1207,#1208,#1209,#1210,#1211,#1212,#1213,#1214,#1215,#1216,#1217,#1218,#1219,#1220),.UNSPECIFIED.,.F.,.F.,(2,1,1,1,1,1,1,1,1,1,1,1,1,1,1,1,1,1,1,1,1,1,1,1,1,1,1,1,1,1,1,1,1,1,1,1,1,1,1,1,1,1,1,1,1,1,1,1,1,1,1,1,1,1,1,1,1,1,1,1,1,1,1,1,1,1,1,1,1,1,1,1,1,1,1,1,1,1,1,1,1,1,1,1,1,1,1,1,1,1,1,1,1,1,1,1,1,1,1,1,1,1,1,1,1,1,1,1,1,1,1,1,1,1,1,1,1,1,1,1,1,1,1,1,1,1,1,1,2),(0.000000000000,0.007812500000,0.015625000000,0.023437500000,0.031250000000,0.039062500000,0.046875000000,0.054687500000,0.062500000000,0.070312500000,0.078125000000,0.085937500000,0.093750000000,0.101562500000,0.109375000000,0.117187500000,0.125000000000,0.132812500000,0.140625000000,0.148437500000,0.156250000000,0.164062500000,0.171875000000,0.179687500000,0.187500000000,0.195312500000,0.203125000000,0.210937500000,0.218750000000,0.226562500000,0.234375000000,0.242187500000,0.250000000000,0.257812500000,0.265625000000,0.273437500000,0.281250000000,0.289062500000,0.296875000000,0.304687500000,0.312500000000,0.320312500000,0.328125000000,0.335937500000,0.343750000000,0.351562500000,0.359375000000,0.367187500000,0.375000000000,0.382812500000,0.390625000000,0.398437500000,0.406250000000,0.414062500000,0.421875000000,0.429687500000,0.437500000000,0.445312500000,0.453125000000,0.460937500000,0.468750000000,0.476562500000,0.484375000000,0.492187500000,0.500000000000,0.507812500000,0.515625000000,0.523437500000,0.531250000000,0.539062500000,0.546875000000,0.554687500000,0.562500000000,0.570312500000,0.578125000000,0.585937500000,0.593750000000,0.601562500000,0.609375000000,0.617187500000,0.625000000000,0.632812500000,0.640625000000,0.648437500000,0.656250000000,0.664062500000,0.671875000000,0.679687500000,0.687500000000,0.695312500000,0.703125000000,0.710937500000,0.718750000000,0.726562500000,0.734375000000,0.742187500000,0.750000000000,0.757812500000,0.765625000000,0.773437500000,0.781250000000,0.789062500000,0.796875000000,0.804687500000,0.812500000000,0.820312500000,0.828125000000,0.835937500000,0.843750000000,0.851562500000,0.859375000000,0.867187500000,0.875000000000,0.882812500000,0.890625000000,0.898437500000,0.906250000000,0.914062500000,0.921875000000,0.929687500000,0.937500000000,0.945312500000,0.953125000000,0.960937500000,0.968750000000,0.976562500000,0.984375000000,0.992187500000,1.000000000000),.UNSPECIFIED.);
#1222 = EDGE_CURVE('',#1083,#1091,#1221,.T.);
#1223 = ORIENTED_EDGE('',*,*,#1222,.T.);
#1224 = CARTESIAN_POINT('',(24.000000000000,80.000000000000,80.000000000000));
#1225 = CARTESIAN_POINT('',(24.000000000000,84.000000000000,80.000000000000));
#1226 = CARTESIAN_POINT('',(20.000000000000,84.000000000000,80.000000000000));
#1227 = ( BOUNDED_CURVE() B_SPLINE_CURVE(2,(#1224,#1225,#1226),.UNSPECIFIED.,.F.,.F.) B_SPLINE_CURVE_WITH_KNOTS((3,3),(0.000000000000,1.000000000000),.UNSPECIFIED.) GEOMETRIC_REPRESENTATION_ITEM() RATIONAL_B_SPLINE_CURVE((1.000000000000,0.707106781187,1.000000000000)) REPRESENTATION_ITEM('') );
#1228 = EDGE_CURVE('',#418,#1091,#1227,.T.);
#1229 = ORIENTED_EDGE('',*,*,#1228,.F.);
#1230 = ORIENTED_EDGE('',*,*,#549,.F.);
#1231 = EDGE_LOOP('',(#1089,#1223,#1229,#1230));
#1232 = FACE_OUTER_BOUND('',#1231,.T.);
#1233 = ADVANCED_FACE('',(#1232) ,#1081,.T.);
#1234 = CARTESIAN_POINT('',(0.000000000000,-0.000000000000,-4.000000000000));
#1235 = CARTESIAN_POINT('',(2.000000000000,-0.000000000000,-4.000000000000));
#1236 = CARTESIAN_POINT('',(4.000000000000,-0.000000000000,-4.000000000000));
#1237 = CARTESIAN_POINT('',(6.000000000000,-0.000000000000,-4.000000000000));
#1238 = CARTESIAN_POINT('',(8.000000000000,-0.000000000000,-4.000000000000));
#1239 = CARTESIAN_POINT('',(10.000000000000,-0.000000000000,-4.000000000000));
#1240 = CARTESIAN_POINT('',(12.000000000000,-0.000000000000,-4.000000000000));
#1241 = CARTESIAN_POINT('',(14.000000000000,-0.000000000000,-4.000000000000));
#1242 = CARTESIAN_POINT('',(16.000000000000,-0.000000000000,-4.000000000000));
#1243 = CARTESIAN_POINT('',(18.000000000000,-0.000000000000,-4.000000000000));
#1244 = CARTESIAN_POINT('',(20.000000000000,-0.000000000000,-4.000000000000));
#1245 = CARTESIAN_POINT('',(22.000000000000,-0.000000000000,-4.000000000000));
#1246 = CARTESIAN_POINT('',(24.000000000000,-0.000000000000,-4.000000000000));
#1247 = CARTESIAN_POINT('',(26.000000000000,-0.000000000000,-4.000000000000));
#1248 = CARTESIAN_POINT('',(28.000000000000,-0.000000000000,-4.000000000000));
#1249 = CARTESIAN_POINT('',(30.000000000000,-0.000000000000,-4.000000000000));
#1250 = CARTESIAN_POINT('',(32.000000000000,-0.000000000000,-4.000000000000));
#1251 = CARTESIAN_POINT('',(34.000000000000,-0.000000000000,-4.000000000000));
#1252 = CARTESIAN_POINT('',(36.000000000000,-0.000000000000,-4.000000000000));
#1253 = CARTESIAN_POINT('',(38.000000000000,-0.000000000000,-4.000000000000));
#1254 = CARTESIAN_POINT('',(40.000000000000,-0.000000000000,-4.000000000000));
#1255 = CARTESIAN_POINT('',(42.000000000000,-0.000000000000,-4.000000000000));
#1256 = CARTESIAN_POINT('',(44.000000000000,-0.000000000000,-4.000000000000));
#1257 = CARTESIAN_POINT('',(46.000000000000,-0.000000000000,-4.000000000000));
#1258 = CARTESIAN_POINT('',(48.000000000000,-0.000000000000,-4.000000000000));
#1259 = CARTESIAN_POINT('',(50.000000000000,-0.000000000000,-4.000000000000));
#1260 = CARTESIAN_POINT('',(51.203604870590,0.072697480408,-4.000000000000));
#1261 = CARTESIAN_POINT('',(52.440522289084,0.302379108437,-4.000000000000));
#1262 = CARTESIAN_POINT('',(53.680947095619,0.702116989376,-4.000000000000));
#1263 = CARTESIAN_POINT('',(54.890416764109,1.277395808973,-4.000000000000));
#1264 = CARTESIAN_POINT('',(56.032307532947,2.024332891353,-4.000000000000));
#1265 = CARTESIAN_POINT('',(57.071067811865,2.928932188135,-4.000000000000));
#1266 = CARTESIAN_POINT('',(57.975667108647,3.967692467053,-4.000000000000));
#1267 = CARTESIAN_POINT('',(58.722604191027,5.109583235891,-4.000000000000));
#1268 = CARTESIAN_POINT('',(59.297883010624,6.319052904381,-4.000000000000));
#1269 = CARTESIAN_POINT('',(59.697620891563,7.559477710916,-4.000000000000));
#1270 = CARTESIAN_POINT('',(59.927302519592,8.796395129410,-4.000000000000));
#1271 = CARTESIAN_POINT('',(60.000000000000,10.000000000000,-4.000000000000));
#1272 = CARTESIAN_POINT('',(60.000000000000,12.000000000000,-4.000000000000));
#1273 = CARTESIAN_POINT('',(60.000000000000,14.000000000000,-4.000000000000));
#1274 = CARTESIAN_POINT('',(60.000000000000,16.000000000000,-4.000000000000));
#1275 = CARTESIAN_POINT('',(60.000000000000,18.000000000000,-4.000000000000));
#1276 = CARTESIAN_POINT('',(60.000000000000,20.000000000000,-4.000000000000));
#1277 = CARTESIAN_POINT('',(60.000000000000,22.000000000000,-4.000000000000));
#1278 = CARTESIAN_POINT('',(60.000000000000,24.000000000000,-4.000000000000));
#1279 = CARTESIAN_POINT('',(60.000000000000,26.000000000000,-4.000000000000));
#1280 = CARTESIAN_POINT('',(60.000000000000,28.000000000000,-4.000000000000));
#1281 = CARTESIAN_POINT('',(60.000000000000,30.000000000000,-4.000000000000));
#1282 = CARTESIAN_POINT('',(60.000000000000,32.000000000000,-4.000000000000));
#1283 = CARTESIAN_POINT('',(60.000000000000,34.000000000000,-4.000000000000));
#1284 = CARTESIAN_POINT('',(60.000000000000,36.000000000000,-4.000000000000));
#1285 = CARTESIAN_POINT('',(60.000000000000,38.000000000000,-4.000000000000));
#1286 = CARTESIAN_POINT('',(60.000000000000,40.241159665630,-3.992723633771));
#1287 = CARTESIAN_POINT('',(60.000000000000,41.933876502413,-3.860075503601));
#1288 = CARTESIAN_POINT('',(60.000000000000,43.667423716278,-3.504813149376));
#1289 = CARTESIAN_POINT('',(60.000000000000,45.399076591741,-2.910088851181));
#1290 = CARTESIAN_POINT('',(60.000000000000,47.080063503421,-2.070058022974));
#1291 = CARTESIAN_POINT('',(60.000000000000,48.659220133814,-0.992176712047));
#1292 = CARTESIAN_POINT('',(60.000000000000,50.087577415266,0.302019587268));
#1293 = CARTESIAN_POINT('',(60.000000000000,51.323120940594,1.778045727740));
#1294 = CARTESIAN_POINT('',(60.000000000000,52.334810031584,3.391453739769));
#1295 = CARTESIAN_POINT('',(60.000000000000,53.105075268437,5.092151477187));
#1296 = CARTESIAN_POINT('',(60.000000000000,53.630393875573,6.829206079094));
#1297 = CARTESIAN_POINT('',(60.000000000000,53.920026153363,8.555235463780));
#1298 = CARTESIAN_POINT('',(60.000000000000,54.000000000000,10.000000000000));
#1299 = CARTESIAN_POINT('',(60.000000000000,54.000000000000,12.000000000000));
#1300 = CARTESIAN_POINT('',(60.000000000000,54.000000000000,14.000000000000));
#1301 = CARTESIAN_POINT('',(60.000000000000,54.000000000000,16.000000000000));
#1302 = CARTESIAN_POINT('',(60.000000000000,54.000000000000,18.000000000000));
#1303 = CARTESIAN_POINT('',(60.000000000000,54.000000000000,20.000000000000));
#1304 = CARTESIAN_POINT('',(60.000000000000,54.000000000000,22.000000000000));
#1305 = CARTESIAN_POINT('',(60.000000000000,54.000000000000,24.000000000000));
#1306 = CARTESIAN_POINT('',(60.000000000000,54.000000000000,26.000000000000));
#1307 = CARTESIAN_POINT('',(60.000000000000,54.000000000000,28.000000000000));
#1308 = CARTESIAN_POINT('',(60.003492655790,53.997380508158,29.855304200622));
#1309 = CARTESIAN_POINT('',(59.974110983349,54.019416762488,30.765441891497));
#1310 = CARTESIAN_POINT('',(59.850644429501,54.112016677875,31.704381432767));
#1311 = CARTESIAN_POINT('',(59.624447605032,54.281664296226,32.650069397945));
#1312 = CARTESIAN_POINT('',(59.291305513487,54.531520864885,33.576628720521));
#1313 = CARTESIAN_POINT('',(58.852609077285,54.860543192036,34.456159972427));
#1314 = CARTESIAN_POINT('',(58.315936201076,55.263047849193,35.261162049825));
#1315 = CARTESIAN_POINT('',(57.694815591488,55.728888306384,35.967194809478));
#1316 = CARTESIAN_POINT('',(57.007631253148,56.244276560139,36.555280686693));
#1317 = CARTESIAN_POINT('',(56.275844991442,56.793116256419,37.013567655937));
#1318 = CARTESIAN_POINT('',(55.521887447992,57.358584414006,37.337957101158));
#1319 = CARTESIAN_POINT('',(54.767127256970,57.924654557272,37.531668339329));
#1320 = CARTESIAN_POINT('',(53.920000000000,58.560000000000,37.600000000000));
#1321 = CARTESIAN_POINT('',(52.320000000000,59.760000000000,37.600000000000));
#1322 = CARTESIAN_POINT('',(50.720000000000,60.960000000000,37.600000000000));
#1323 = CARTESIAN_POINT('',(49.120000000000,62.160000000000,37.600000000000));
#1324 = CARTESIAN_POINT('',(47.520000000000,63.360000000000,37.600000000000));
#1325 = CARTESIAN_POINT('',(45.920000000000,64.560000000000,37.600000000000));
#1326 = CARTESIAN_POINT('',(44.320000000000,65.760000000000,37.600000000000));
#1327 = CARTESIAN_POINT('',(42.720000000000,66.960000000000,37.600000000000));
#1328 = CARTESIAN_POINT('',(41.120000000000,68.160000000000,37.600000000000));
#1329 = CARTESIAN_POINT('',(39.520000000000,69.360000000000,37.600000000000));
#1330 = CARTESIAN_POINT('',(37.920000000000,70.560000000000,37.600000000000));
#1331 = CARTESIAN_POINT('',(36.320000000000,71.760000000000,37.600000000000));
#1332 = CARTESIAN_POINT('',(34.720000000000,72.960000000000,37.600000000000));
#1333 = CARTESIAN_POINT('',(33.120000000000,74.160000000000,37.600000000000));
#1334 = CARTESIAN_POINT('',(31.520000000000,75.360000000000,37.600000000000));
#1335 = CARTESIAN_POINT('',(29.804243360498,76.646817479627,37.604365819737));
#1336 = CARTESIAN_POINT('',(28.606585720253,77.545060709810,37.713033690003));
#1337 = CARTESIAN_POINT('',(27.378669483680,78.465997887240,38.018063753749));
#1338 = CARTESIAN_POINT('',(26.150540165366,79.387094875975,38.534793485041));
#1339 = CARTESIAN_POINT('',(24.956636153843,80.282522884618,39.268923509804));
#1340 = CARTESIAN_POINT('',(23.833235925226,81.125073056080,40.214427129313));
#1341 = CARTESIAN_POINT('',(22.815221140875,81.888584144344,41.352784627615));
#1342 = CARTESIAN_POINT('',(21.932688473748,82.550483644689,42.653904423465));
#1343 = CARTESIAN_POINT('',(21.208057843711,83.093956617217,44.078705538218));
#1344 = CARTESIAN_POINT('',(20.654241307751,83.509319019187,45.582912048065));
#1345 = CARTESIAN_POINT('',(20.274172254425,83.794370809181,47.121314731823));
#1346 = CARTESIAN_POINT('',(20.061650640117,83.953762019913,48.651699330032));
#1347 = CARTESIAN_POINT('',(20.000000000000,84.000000000000,50.000000000000));
#1348 = CARTESIAN_POINT('',(20.000000000000,84.000000000000,52.000000000000));
#1349 = CARTESIAN_POINT('',(20.000000000000,84.000000000000,54.000000000000));
#1350 = CARTESIAN_POINT('',(20.000000000000,84.000000000000,56.000000000000));
#1351 = CARTESIAN_POINT('',(20.000000000000,84.000000000000,58.000000000000));
#1352 = CARTESIAN_POINT('',(20.000000000000,84.000000000000,60.000000000000));
#1353 = CARTESIAN_POINT('',(20.000000000000,84.000000000000,62.000000000000));
#1354 = CARTESIAN_POINT('',(20.000000000000,84.000000000000,64.000000000000));
#1355 = CARTESIAN_POINT('',(20.000000000000,84.000000000000,66.000000000000));
#1356 = CARTESIAN_POINT('',(20.000000000000,84.000000000000,68.000000000000));
#1357 = CARTESIAN_POINT('',(20.000000000000,84.000000000000,70.000000000000));
#1358 = CARTESIAN_POINT('',(20.000000000000,84.000000000000,72.000000000000));
#1359 = CARTESIAN_POINT('',(20.000000000000,84.000000000000,74.000000000000));
#1360 = CARTESIAN_POINT('',(20.000000000000,84.000000000000,76.000000000000));
#1361 = CARTESIAN_POINT('',(20.000000000000,84.000000000000,78.000000000000));
#1362 = CARTESIAN_POINT('',(20.000000000000,84.000000000000,80.000000000000));
#1363 = CARTESIAN_POINT('',(0.000000000000,4.000000000000,-4.000000000000));
#1364 = CARTESIAN_POINT('',(2.000000000000,4.000000000000,-4.000000000000));
#1365 = CARTESIAN_POINT('',(4.000000000000,4.000000000000,-4.000000000000));
#1366 = CARTESIAN_POINT('',(6.000000000000,4.000000000000,-4.000000000000));
#1367 = CARTESIAN_POINT('',(8.000000000000,4.000000000000,-4.000000000000));
#1368 = CARTESIAN_POINT('',(10.000000000000,4.000000000000,-4.000000000000));
#1369 = CARTESIAN_POINT('',(12.000000000000,4.000000000000,-4.000000000000));
#1370 = CARTESIAN_POINT('',(14.000000000000,4.000000000000,-4.000000000000));
#1371 = CARTESIAN_POINT('',(16.000000000000,4.000000000000,-4.000000000000));
#1372 = CARTESIAN_POINT('',(18.000000000000,4.000000000000,-4.000000000000));
#1373 = CARTESIAN_POINT('',(20.000000000000,4.000000000000,-4.000000000000));
#1374 = CARTESIAN_POINT('',(22.000000000000,4.000000000000,-4.000000000000));
#1375 = CARTESIAN_POINT('',(24.000000000000,4.000000000000,-4.000000000000));
#1376 = CARTESIAN_POINT('',(26.000000000000,4.000000000000,-4.000000000000));
#1377 = CARTESIAN_POINT('',(28.000000000000,4.000000000000,-4.000000000000));
#1378 = CARTESIAN_POINT('',(30.000000000000,4.000000000000,-4.000000000000));
#1379 = CARTESIAN_POINT('',(32.000000000000,4.000000000000,-4.000000000000));
#1380 = CARTESIAN_POINT('',(34.000000000000,4.000000000000,-4.000000000000));
#1381 = CARTESIAN_POINT('',(36.000000000000,4.000000000000,-4.000000000000));
#1382 = CARTESIAN_POINT('',(38.000000000000,4.000000000000,-4.000000000000));
#1383 = CARTESIAN_POINT('',(40.000000000000,4.000000000000,-4.000000000000));
#1384 = CARTESIAN_POINT('',(42.000000000000,4.000000000000,-4.000000000000));
#1385 = CARTESIAN_POINT('',(44.000000000000,4.000000000000,-4.000000000000));
#1386 = CARTESIAN_POINT('',(46.000000000000,4.000000000000,-4.000000000000));
#1387 = CARTESIAN_POINT('',(48.000000000000,4.000000000000,-4.000000000000));
#1388 = CARTESIAN_POINT('',(49.758840334370,3.992723633771,-4.000000000000));
#1389 = CARTESIAN_POINT('',(50.473333238768,4.005470464418,-4.000000000000));
#1390 = CARTESIAN_POINT('',(51.213620861889,4.109571366249,-4.000000000000));
#1391 = CARTESIAN_POINT('',(51.962817599497,4.314322829933,-4.000000000000));
#1392 = CARTESIAN_POINT('',(52.700770024796,4.624849640920,-4.000000000000));
#1393 = CARTESIAN_POINT('',(53.405394932081,5.040842494754,-4.000000000000));
#1394 = CARTESIAN_POINT('',(54.054558208465,5.555844789001,-4.000000000000));
#1395 = CARTESIAN_POINT('',(54.628213276699,6.157339206365,-4.000000000000));
#1396 = CARTESIAN_POINT('',(55.110398350470,6.827712732013,-4.000000000000));
#1397 = CARTESIAN_POINT('',(55.490690752812,7.545954331576,-4.000000000000));
#1398 = CARTESIAN_POINT('',(55.764847907554,8.289749342739,-4.000000000000));
#1399 = CARTESIAN_POINT('',(55.934578885821,9.037554795039,-4.000000000000));
#1400 = CARTESIAN_POINT('',(56.000000000000,10.000000000000,-4.000000000000));
#1401 = CARTESIAN_POINT('',(56.000000000000,12.000000000000,-4.000000000000));
#1402 = CARTESIAN_POINT('',(56.000000000000,14.000000000000,-4.000000000000));
#1403 = CARTESIAN_POINT('',(56.000000000000,16.000000000000,-4.000000000000));
#1404 = CARTESIAN_POINT('',(56.000000000000,18.000000000000,-4.000000000000));
#1405 = CARTESIAN_POINT('',(56.000000000000,20.000000000000,-4.000000000000));
#1406 = CARTESIAN_POINT('',(56.000000000000,22.000000000000,-4.000000000000));
#1407 = CARTESIAN_POINT('',(56.000000000000,24.000000000000,-4.000000000000));
#1408 = CARTESIAN_POINT('',(56.000000000000,26.000000000000,-4.000000000000));
#1409 = CARTESIAN_POINT('',(56.000000000000,28.000000000000,-4.000000000000));
#1410 = CARTESIAN_POINT('',(56.000000000000,30.000000000000,-4.000000000000));
#1411 = CARTESIAN_POINT('',(56.000000000000,32.000000000000,-4.000000000000));
#1412 = CARTESIAN_POINT('',(56.000000000000,34.000000000000,-4.000000000000));
#1413 = CARTESIAN_POINT('',(56.000000000000,36.000000000000,-4.000000000000));
#1414 = CARTESIAN_POINT('',(56.000000000000,38.000000000000,-4.000000000000));
#1415 = CARTESIAN_POINT('',(56.000000000000,40.241159665630,-3.992723633771));
#1416 = CARTESIAN_POINT('',(56.000000000000,41.933876502413,-3.860075503601));
#1417 = CARTESIAN_POINT('',(56.000000000000,43.667423716278,-3.504813149376));
#1418 = CARTESIAN_POINT('',(56.000000000000,45.399076591741,-2.910088851181));
#1419 = CARTESIAN_POINT('',(56.000000000000,47.080063503421,-2.070058022974));
#1420 = CARTESIAN_POINT('',(56.000000000000,48.659220133814,-0.992176712047));
#1421 = CARTESIAN_POINT('',(56.000000000000,50.087577415266,0.302019587268));
#1422 = CARTESIAN_POINT('',(56.000000000000,51.323120940594,1.778045727740));
#1423 = CARTESIAN_POINT('',(56.000000000000,52.334810031584,3.391453739769));
#1424 = CARTESIAN_POINT('',(56.000000000000,53.105075268437,5.092151477187));
#1425 = CARTESIAN_POINT('',(56.000000000000,53.630393875573,6.829206079094));
#1426 = CARTESIAN_POINT('',(56.000000000000,53.920026153363,8.555235463780));
#1427 = CARTESIAN_POINT('',(56.000000000000,54.000000000000,10.000000000000));
#1428 = CARTESIAN_POINT('',(56.000000000000,54.000000000000,12.000000000000));
#1429 = CARTESIAN_POINT('',(56.000000000000,54.000000000000,14.000000000000));
#1430 = CARTESIAN_POINT('',(56.000000000000,54.000000000000,16.000000000000));
#1431 = CARTESIAN_POINT('',(56.000000000000,54.000000000000,18.000000000000));
#1432 = CARTESIAN_POINT('',(56.000000000000,54.000000000000,20.000000000000));
#1433 = CARTESIAN_POINT('',(56.000000000000,54.000000000000,22.000000000000));
#1434 = CARTESIAN_POINT('',(56.000000000000,54.000000000000,24.000000000000));
#1435 = CARTESIAN_POINT('',(56.000000000000,54.000000000000,26.000000000000));
#1436 = CARTESIAN_POINT('',(56.000000000000,54.000000000000,28.000000000000));
#1437 = CARTESIAN_POINT('',(56.008149530176,53.993887852368,29.662376468118));
#1438 = CARTESIAN_POINT('',(56.017136273583,53.987147794813,30.181224586039));
#1439 = CARTESIAN_POINT('',(55.974041384501,54.019468961625,30.722860291011));
#1440 = CARTESIAN_POINT('',(55.872635867075,54.095523099693,31.275565801048));
#1441 = CARTESIAN_POINT('',(55.708935061041,54.218298704219,31.824911329071));
#1442 = CARTESIAN_POINT('',(55.482042931108,54.388467801669,32.354629891734));
#1443 = CARTESIAN_POINT('',(55.194712136522,54.603965897609,32.847954367104));
#1444 = CARTESIAN_POINT('',(54.853441678328,54.859918741254,33.289231743920));
#1445 = CARTESIAN_POINT('',(54.468028375630,55.148978718277,33.665516014247));
#1446 = CARTESIAN_POINT('',(54.050628078037,55.462028941472,33.967813849687));
#1447 = CARTESIAN_POINT('',(53.614513603625,55.789114797281,34.191738713950));
#1448 = CARTESIAN_POINT('',(53.172785070967,56.120411196775,34.337489432312));
#1449 = CARTESIAN_POINT('',(52.480000000000,56.640000000000,34.400000000000));
#1450 = CARTESIAN_POINT('',(50.880000000000,57.840000000000,34.400000000000));
#1451 = CARTESIAN_POINT('',(49.280000000000,59.040000000000,34.400000000000));
#1452 = CARTESIAN_POINT('',(47.680000000000,60.240000000000,34.400000000000));
#1453 = CARTESIAN_POINT('',(46.080000000000,61.440000000000,34.400000000000));
#1454 = CARTESIAN_POINT('',(44.480000000000,62.640000000000,34.400000000000));
#1455 = CARTESIAN_POINT('',(42.880000000000,63.840000000000,34.400000000000));
#1456 = CARTESIAN_POINT('',(41.280000000000,65.040000000000,34.400000000000));
#1457 = CARTESIAN_POINT('',(39.680000000000,66.240000000000,34.400000000000));
#1458 = CARTESIAN_POINT('',(38.080000000000,67.440000000000,34.400000000000));
#1459 = CARTESIAN_POINT('',(36.480000000000,68.640000000000,34.400000000000));
#1460 = CARTESIAN_POINT('',(34.880000000000,69.840000000000,34.400000000000));
#1461 = CARTESIAN_POINT('',(33.280000000000,71.040000000000,34.400000000000));
#1462 = CARTESIAN_POINT('',(31.680000000000,72.240000000000,34.400000000000));
#1463 = CARTESIAN_POINT('',(30.080000000000,73.440000000000,34.400000000000));
#1464 = CARTESIAN_POINT('',(28.209901174495,74.842574119129,34.410186912721));
#1465 = CARTESIAN_POINT('',(26.699211875886,75.975591093085,34.566815302795));
#1466 = CARTESIAN_POINT('',(25.153452570275,77.134910572294,34.972309947499));
#1467 = CARTESIAN_POINT('',(23.610937287848,78.291797034114,35.645028812596));
#1468 = CARTESIAN_POINT('',(22.115262240683,79.413553319488,36.590960444247));
#1469 = CARTESIAN_POINT('',(20.712011860672,80.465991104496,37.801219446592));
#1470 = CARTESIAN_POINT('',(19.444654994699,81.416508753976,39.251254546921));
#1471 = CARTESIAN_POINT('',(18.350318021302,82.237261484024,40.902187032015));
#1472 = CARTESIAN_POINT('',(17.456246105754,82.907815420684,42.704201941320));
#1473 = CARTESIAN_POINT('',(16.777638262751,83.416771302937,44.601390906309));
#1474 = CARTESIAN_POINT('',(16.317197544659,83.762101841506,46.537097426364));
#1475 = CARTESIAN_POINT('',(16.066307514503,83.950269364123,48.458771597528));
#1476 = CARTESIAN_POINT('',(16.000000000000,84.000000000000,50.000000000000));
#1477 = CARTESIAN_POINT('',(16.000000000000,84.000000000000,52.000000000000));
#1478 = CARTESIAN_POINT('',(16.000000000000,84.000000000000,54.000000000000));
#1479 = CARTESIAN_POINT('',(16.000000000000,84.000000000000,56.000000000000));
#1480 = CARTESIAN_POINT('',(16.000000000000,84.000000000000,58.000000000000));
#1481 = CARTESIAN_POINT('',(16.000000000000,84.000000000000,60.000000000000));
#1482 = CARTESIAN_POINT('',(16.000000000000,84.000000000000,62.000000000000));
#1483 = CARTESIAN_POINT('',(16.000000000000,84.000000000000,64.000000000000));
#1484 = CARTESIAN_POINT('',(16.000000000000,84.000000000000,66.000000000000));
#1485 = CARTESIAN_POINT('',(16.000000000000,84.000000000000,68.000000000000));
#1486 = CARTESIAN_POINT('',(16.000000000000,84.000000000000,70.000000000000));
#1487 = CARTESIAN_POINT('',(16.000000000000,84.000000000000,72.000000000000));
#1488 = CARTESIAN_POINT('',(16.000000000000,84.000000000000,74.000000000000));
#1489 = CARTESIAN_POINT('',(16.000000000000,84.000000000000,76.000000000000));
#1490 = CARTESIAN_POINT('',(16.000000000000,84.000000000000,78.000000000000));
#1491 = CARTESIAN_POINT('',(16.000000000000,84.000000000000,80.000000000000));
#1492 = CARTESIAN_POINT('',(0.000000000000,4.000000000000,-0.000000000000));
#1493 = CARTESIAN_POINT('',(2.000000000000,4.000000000000,-0.000000000000));
#1494 = CARTESIAN_POINT('',(4.000000000000,4.000000000000,-0.000000000000));
#1495 = CARTESIAN_POINT('',(6.000000000000,4.000000000000,-0.000000000000));
#1496 = CARTESIAN_POINT('',(8.000000000000,4.000000000000,-0.000000000000));
#1497 = CARTESIAN_POINT('',(10.000000000000,4.000000000000,-0.000000000000));
#1498 = CARTESIAN_POINT('',(12.000000000000,4.000000000000,-0.000000000000));
#1499 = CARTESIAN_POINT('',(14.000000000000,4.000000000000,-0.000000000000));
#1500 = CARTESIAN_POINT('',(16.000000000000,4.000000000000,-0.000000000000));
#1501 = CARTESIAN_POINT('',(18.000000000000,4.000000000000,-0.000000000000));
#1502 = CARTESIAN_POINT('',(20.000000000000,4.000000000000,-0.000000000000));
#1503 = CARTESIAN_POINT('',(22.000000000000,4.000000000000,-0.000000000000));
#1504 = CARTESIAN_POINT('',(24.000000000000,4.000000000000,-0.000000000000));
#1505 = CARTESIAN_POINT('',(26.000000000000,4.000000000000,-0.000000000000));
#1506 = CARTESIAN_POINT('',(28.000000000000,4.000000000000,-0.000000000000));
#1507 = CARTESIAN_POINT('',(30.000000000000,4.000000000000,-0.000000000000));
#1508 = CARTESIAN_POINT('',(32.000000000000,4.000000000000,-0.000000000000));
#1509 = CARTESIAN_POINT('',(34.000000000000,4.000000000000,-0.000000000000));
#1510 = CARTESIAN_POINT('',(36.000000000000,4.000000000000,-0.000000000000));
#1511 = CARTESIAN_POINT('',(38.000000000000,4.000000000000,-0.000000000000));
#1512 = CARTESIAN_POINT('',(40.000000000000,4.000000000000,-0.000000000000));
#1513 = CARTESIAN_POINT('',(42.000000000000,4.000000000000,-0.000000000000));
#1514 = CARTESIAN_POINT('',(44.000000000000,4.000000000000,-0.000000000000));
#1515 = CARTESIAN_POINT('',(46.000000000000,4.000000000000,-0.000000000000));
#1516 = CARTESIAN_POINT('',(48.000000000000,4.000000000000,-0.000000000000));
#1517 = CARTESIAN_POINT('',(49.758840334370,3.992723633771,-0.000000000000));
#1518 = CARTESIAN_POINT('',(50.473333238768,4.005470464418,-0.000000000000));
#1519 = CARTESIAN_POINT('',(51.213620861889,4.109571366249,-0.000000000000));
#1520 = CARTESIAN_POINT('',(51.962817599497,4.314322829933,-0.000000000000));
#1521 = CARTESIAN_POINT('',(52.700770024796,4.624849640920,-0.000000000000));
#1522 = CARTESIAN_POINT('',(53.405394932081,5.040842494754,-0.000000000000));
#1523 = CARTESIAN_POINT('',(54.054558208465,5.555844789001,-0.000000000000));
#1524 = CARTESIAN_POINT('',(54.628213276699,6.157339206365,-0.000000000000));
#1525 = CARTESIAN_POINT('',(55.110398350470,6.827712732013,-0.000000000000));
#1526 = CARTESIAN_POINT('',(55.490690752812,7.545954331576,-0.000000000000));
#1527 = CARTESIAN_POINT('',(55.764847907554,8.289749342739,-0.000000000000));
#1528 = CARTESIAN_POINT('',(55.934578885821,9.037554795039,-0.000000000000));
#1529 = CARTESIAN_POINT('',(56.000000000000,10.000000000000,-0.000000000000));
#1530 = CARTESIAN_POINT('',(56.000000000000,12.000000000000,-0.000000000000));
#1531 = CARTESIAN_POINT('',(56.000000000000,14.000000000000,-0.000000000000));
#1532 = CARTESIAN_POINT('',(56.000000000000,16.000000000000,-0.000000000000));
#1533 = CARTESIAN_POINT('',(56.000000000000,18.000000000000,-0.000000000000));
#1534 = CARTESIAN_POINT('',(56.000000000000,20.000000000000,-0.000000000000));
#1535 = CARTESIAN_POINT('',(56.000000000000,22.000000000000,-0.000000000000));
#1536 = CARTESIAN_POINT('',(56.000000000000,24.000000000000,-0.000000000000));
#1537 = CARTESIAN_POINT('',(56.000000000000,26.000000000000,-0.000000000000));
#1538 = CARTESIAN_POINT('',(56.000000000000,28.000000000000,-0.000000000000));
#1539 = CARTESIAN_POINT('',(56.000000000000,30.000000000000,-0.000000000000));
#1540 = CARTESIAN_POINT('',(56.000000000000,32.000000000000,-0.000000000000));
#1541 = CARTESIAN_POINT('',(56.000000000000,34.000000000000,-0.000000000000));
#1542 = CARTESIAN_POINT('',(56.000000000000,36.000000000000,-0.000000000000));
#1543 = CARTESIAN_POINT('',(56.000000000000,38.000000000000,-0.000000000000));
#1544 = CARTESIAN_POINT('',(56.000000000000,40.000000000000,-0.000000000000));
#1545 = CARTESIAN_POINT('',(56.000000000000,41.203604870590,0.072697480408));
#1546 = CARTESIAN_POINT('',(56.000000000000,42.440522289084,0.302379108437));
#1547 = CARTESIAN_POINT('',(56.000000000000,43.680947095619,0.702116989376));
#1548 = CARTESIAN_POINT('',(56.000000000000,44.890416764109,1.277395808973));
#1549 = CARTESIAN_POINT('',(56.000000000000,46.032307532947,2.024332891353));
#1550 = CARTESIAN_POINT('',(56.000000000000,47.071067811865,2.928932188135));
#1551 = CARTESIAN_POINT('',(56.000000000000,47.975667108647,3.967692467053));
#1552 = CARTESIAN_POINT('',(56.000000000000,48.722604191027,5.109583235891));
#1553 = CARTESIAN_POINT('',(56.000000000000,49.297883010624,6.319052904381));
#1554 = CARTESIAN_POINT('',(56.000000000000,49.697620891563,7.559477710916));
#1555 = CARTESIAN_POINT('',(56.000000000000,49.927302519592,8.796395129410));
#1556 = CARTESIAN_POINT('',(56.000000000000,50.000000000000,10.000000000000));
#1557 = CARTESIAN_POINT('',(56.000000000000,50.000000000000,12.000000000000));
#1558 = CARTESIAN_POINT('',(56.000000000000,50.000000000000,14.000000000000));
#1559 = CARTESIAN_POINT('',(56.000000000000,50.000000000000,16.000000000000));
#1560 = CARTESIAN_POINT('',(56.000000000000,50.000000000000,18.000000000000));
#1561 = CARTESIAN_POINT('',(56.000000000000,50.000000000000,20.000000000000));
#1562 = CARTESIAN_POINT('',(56.000000000000,50.000000000000,22.000000000000));
#1563 = CARTESIAN_POINT('',(56.000000000000,50.000000000000,24.000000000000));
#1564 = CARTESIAN_POINT('',(56.000000000000,50.000000000000,26.000000000000));
#1565 = CARTESIAN_POINT('',(56.000000000000,50.000000000000,28.000000000000));
#1566 = CARTESIAN_POINT('',(56.004656874387,49.996507344210,29.807072267496));
#1567 = CARTESIAN_POINT('',(55.984867305907,50.011349520570,30.619387565132));
#1568 = CARTESIAN_POINT('',(55.881493668251,50.088879748812,31.459001147328));
#1569 = CARTESIAN_POINT('',(55.686494670543,50.235128997093,32.306443498721));
#1570 = CARTESIAN_POINT('',(55.395712900375,50.453215324718,33.138699372659));
#1571 = CARTESIAN_POINT('',(55.009967540741,50.742524344444,33.930777452254));
#1572 = CARTESIAN_POINT('',(54.535630184938,51.098277361297,34.657860129145));
#1573 = CARTESIAN_POINT('',(53.984472113198,51.511645915102,35.297704043089));
#1574 = CARTESIAN_POINT('',(53.372730533769,51.970452099673,35.832839518581));
#1575 = CARTESIAN_POINT('',(52.719540763090,52.460344427682,36.252129204374));
#1576 = CARTESIAN_POINT('',(52.045043986900,52.966217009825,36.551402504356));
#1577 = CARTESIAN_POINT('',(51.368541710469,53.473593717148,36.733123612575));
#1578 = CARTESIAN_POINT('',(50.560000000000,54.080000000000,36.800000000000));
#1579 = CARTESIAN_POINT('',(48.960000000000,55.280000000000,36.800000000000));
#1580 = CARTESIAN_POINT('',(47.360000000000,56.480000000000,36.800000000000));
#1581 = CARTESIAN_POINT('',(45.760000000000,57.680000000000,36.800000000000));
#1582 = CARTESIAN_POINT('',(44.160000000000,58.880000000000,36.800000000000));
#1583 = CARTESIAN_POINT('',(42.560000000000,60.080000000000,36.800000000000));
#1584 = CARTESIAN_POINT('',(40.960000000000,61.280000000000,36.800000000000));
#1585 = CARTESIAN_POINT('',(39.360000000000,62.480000000000,36.800000000000));
#1586 = CARTESIAN_POINT('',(37.760000000000,63.680000000000,36.800000000000));
#1587 = CARTESIAN_POINT('',(36.160000000000,64.880000000000,36.800000000000));
#1588 = CARTESIAN_POINT('',(34.560000000000,66.080000000000,36.800000000000));
#1589 = CARTESIAN_POINT('',(32.960000000000,67.280000000000,36.800000000000));
#1590 = CARTESIAN_POINT('',(31.360000000000,68.480000000000,36.800000000000));
#1591 = CARTESIAN_POINT('',(29.760000000000,69.680000000000,36.800000000000));
#1592 = CARTESIAN_POINT('',(28.160000000000,70.880000000000,36.800000000000));
#1593 = CARTESIAN_POINT('',(26.405657813997,72.195756639502,36.805821092983));
#1594 = CARTESIAN_POINT('',(25.129742259161,73.152693305629,36.926479093201));
#1595 = CARTESIAN_POINT('',(23.822365255329,74.133226058504,37.256625302187));
#1596 = CARTESIAN_POINT('',(22.515639445987,75.113270415510,37.812352316930));
#1597 = CARTESIAN_POINT('',(21.246292675553,76.065280493335,38.599432743415));
#1598 = CARTESIAN_POINT('',(20.052929909088,76.960302568184,39.611125208633));
#1599 = CARTESIAN_POINT('',(18.972579604331,77.770565296752,40.827402107441));
#1600 = CARTESIAN_POINT('',(18.037095860636,78.472178104523,42.215975075603));
#1601 = CARTESIAN_POINT('',(17.270104909222,79.047421318084,43.735079638994));
#1602 = CARTESIAN_POINT('',(16.685090546501,79.486182090125,45.337531762626));
#1603 = CARTESIAN_POINT('',(16.284928576983,79.786303567263,46.975260405458));
#1604 = CARTESIAN_POINT('',(16.062814858713,79.952888855965,48.603467396906));
#1605 = CARTESIAN_POINT('',(16.000000000000,80.000000000000,50.000000000000));
#1606 = CARTESIAN_POINT('',(16.000000000000,80.000000000000,52.000000000000));
#1607 = CARTESIAN_POINT('',(16.000000000000,80.000000000000,54.000000000000));
#1608 = CARTESIAN_POINT('',(16.000000000000,80.000000000000,56.000000000000));
#1609 = CARTESIAN_POINT('',(16.000000000000,80.000000000000,58.000000000000));
#1610 = CARTESIAN_POINT('',(16.000000000000,80.000000000000,60.000000000000));
#1611 = CARTESIAN_POINT('',(16.000000000000,80.000000000000,62.000000000000));
#1612 = CARTESIAN_POINT('',(16.000000000000,80.000000000000,64.000000000000));
#1613 = CARTESIAN_POINT('',(16.000000000000,80.000000000000,66.000000000000));
#1614 = CARTESIAN_POINT('',(16.000000000000,80.000000000000,68.000000000000));
#1615 = CARTESIAN_POINT('',(16.000000000000,80.000000000000,70.000000000000));
#1616 = CARTESIAN_POINT('',(16.000000000000,80.000000000000,72.000000000000));
#1617 = CARTESIAN_POINT('',(16.000000000000,80.000000000000,74.000000000000));
#1618 = CARTESIAN_POINT('',(16.000000000000,80.000000000000,76.000000000000));
#1619 = CARTESIAN_POINT('',(16.000000000000,80.000000000000,78.000000000000));
#1620 = CARTESIAN_POINT('',(16.000000000000,80.000000000000,80.000000000000));
#1621 = ( BOUNDED_SURFACE() B_SPLINE_SURFACE(2,1,((#1234,#1235,#1236,#1237,#1238,#1239,#1240,#1241,#1242,#1243,#1244,#1245,#1246,#1247,#1248,#1249,#1250,#1251,#1252,#1253,#1254,#1255,#1256,#1257,#1258,#1259,#1260,#1261,#1262,#1263,#1264,#1265,#1266,#1267,#1268,#1269,#1270,#1271,#1272,#1273,#1274,#1275,#1276,#1277,#1278,#1279,#1280,#1281,#1282,#1283,#1284,#1285,#1286,#1287,#1288,#1289,#1290,#1291,#1292,#1293,#1294,#1295,#1296,#1297,#1298,#1299,#1300,#1301,#1302,#1303,#1304,#1305,#1306,#1307,#1308,#1309,#1310,#1311,#1312,#1313,#1314,#1315,#1316,#1317,#1318,#1319,#1320,#1321,#1322,#1323,#1324,#1325,#1326,#1327,#1328,#1329,#1330,#1331,#1332,#1333,#1334,#1335,#1336,#1337,#1338,#1339,#1340,#1341,#1342,#1343,#1344,#1345,#1346,#1347,#1348,#1349,#1350,#1351,#1352,#1353,#1354,#1355,#1356,#1357,#1358,#1359,#1360,#1361,#1362),(#1363,#1364,#1365,#1366,#1367,#1368,#1369,#1370,#1371,#1372,#1373,#1374,#1375,#1376,#1377,#1378,#1379,#1380,#1381,#1382,#1383,#1384,#1385,#1386,#1387,#1388,#1389,#1390,#1391,#1392,#1393,#1394,#1395,#1396,#1397,#1398,#1399,#1400,#1401,#1402,#1403,#1404,#1405,#1406,#1407,#1408,#1409,#1410,#1411,#1412,#1413,#1414,#1415,#1416,#1417,#1418,#1419,#1420,#1421,#1422,#1423,#1424,#1425,#1426,#1427,#1428,#1429,#1430,#1431,#1432,#1433,#1434,#1435,#1436,#1437,#1438,#1439,#1440,#1441,#1442,#1443,#1444,#1445,#1446,#1447,#1448,#1449,#1450,#1451,#1452,#1453,#1454,#1455,#1456,#1457,#1458,#1459,#1460,#1461,#1462,#1463,#1464,#1465,#1466,#1467,#1468,#1469,#1470,#1471,#1472,#1473,#1474,#1475,#1476,#1477,#1478,#1479,#1480,#1481,#1482,#1483,#1484,#1485,#1486,#1487,#1488,#1489,#1490,#1491),(#1492,#1493,#1494,#1495,#1496,#1497,#1498,#1499,#1500,#1501,#1502,#1503,#1504,#1505,#1506,#1507,#1508,#1509,#1510,#1511,#1512,#1513,#1514,#1515,#1516,#1517,#1518,#1519,#1520,#1521,#1522,#1523,#1524,#1525,#1526,#1527,#1528,#1529,#1530,#1531,#1532,#1533,#1534,#1535,#1536,#1537,#1538,#1539,#1540,#1541,#1542,#1543,#1544,#1545,#1546,#1547,#1548,#1549,#1550,#1551,#1552,#1553,#1554,#1555,#1556,#1557,#1558,#1559,#1560,#1561,#1562,#1563,#1564,#1565,#1566,#1567,#1568,#1569,#1570,#1571,#1572,#1573,#1574,#1575,#1576,#1577,#1578,#1579,#1580,#1581,#1582,#1583,#1584,#1585,#1586,#1587,#1588,#1589,#1590,#1591,#1592,#1593,#1594,#1595,#1596,#1597,#1598,#1599,#1600,#1601,#1602,#1603,#1604,#1605,#1606,#1607,#1608,#1609,#1610,#1611,#1612,#1613,#1614,#1615,#1616,#1617,#1618,#1619,#1620)),.UNSPECIFIED.,.F.,.F.,.F.) B_SPLINE_SURFACE_WITH_KNOTS((3,3),(2,1,1,1,1,1,1,1,1,1,1,1,1,1,1,1,1,1,1,1,1,1,1,1,1,1,1,1,1,1,1,1,1,1,1,1,1,1,1,1,1,1,1,1,1,1,1,1,1,1,1,1,1,1,1,1,1,1,1,1,1,1,1,1,1,1,1,1,1,1,1,1,1,1,1,1,1,1,1,1,1,1,1,1,1,1,1,1,1,1,1,1,1,1,1,1,1,1,1,1,1,1,1,1,1,1,1,1,1,1,1,1,1,1,1,1,1,1,1,1,1,1,1,1,1,1,1,1,2),(0.000000000000,1.000000000000),(0.000000000000,0.007812500000,0.015625000000,0.023437500000,0.031250000000,0.039062500000,0.046875000000,0.054687500000,0.062500000000,0.070312500000,0.078125000000,0.085937500000,0.093750000000,0.101562500000,0.109375000000,0.117187500000,0.125000000000,0.132812500000,0.140625000000,0.148437500000,0.156250000000,0.164062500000,0.171875000000,0.179687500000,0.187500000000,0.195312500000,0.203125000000,0.210937500000,0.218750000000,0.226562500000,0.234375000000,0.242187500000,0.250000000000,0.257812500000,0.265625000000,0.273437500000,0.281250000000,0.289062500000,0.296875000000,0.304687500000,0.312500000000,0.320312500000,0.328125000000,0.335937500000,0.343750000000,0.351562500000,0.359375000000,0.367187500000,0.375000000000,0.382812500000,0.390625000000,0.398437500000,0.406250000000,0.414062500000,0.421875000000,0.429687500000,0.437500000000,0.445312500000,0.453125000000,0.460937500000,0.468750000000,0.476562500000,0.484375000000,0.492187500000,0.500000000000,0.507812500000,0.515625000000,0.523437500000,0.531250000000,0.539062500000,0.546875000000,0.554687500000,0.562500000000,0.570312500000,0.578125000000,0.585937500000,0.593750000000,0.601562500000,0.609375000000,0.617187500000,0.625000000000,0.632812500000,0.640625000000,0.648437500000,0.656250000000,0.664062500000,0.671875000000,0.679687500000,0.687500000000,0.695312500000,0.703125000000,0.710937500000,0.718750000000,0.726562500000,0.734375000000,0.742187500000,0.750000000000,0.757812500000,0.765625000000,0.773437500000,0.781250000000,0.789062500000,0.796875000000,0.804687500000,0.812500000000,0.820312500000,0.828125000000,0.835937500000,0.843750000000,0.851562500000,0.859375000000,0.867187500000,0.875000000000,0.882812500000,0.890625000000,0.898437500000,0.906250000000,0.914062500000,0.921875000000,0.929687500000,0.937500000000,0.945312500000,0.953125000000,0.960937500000,0.968750000000,0.976562500000,0.984375000000,0.992187500000,1.000000000000),.UNSPECIFIED.) GEOMETRIC_REPRESENTATION_ITEM() RATIONAL_B_SPLINE_SURFACE(((1.000000000000,1.000000000000,1.000000000000,1.000000000000,1.000000000000,1.000000000000,1.000000000000,1.000000000000,1.000000000000,1.000000000000,1.000000000000,1.000000000000,1.000000000000,1.000000000000,1.000000000000,1.000000000000,1.000000000000,1.000000000000,1.000000000000,1.000000000000,1.000000000000,1.000000000000,1.000000000000,1.000000000000,1.000000000000,1.000000000000,1.000000000000,1.000000000000,1.000000000000,1.000000000000,1.000000000000,1.000000000000,1.000000000000,1.000000000000,1.000000000000,1.000000000000,1.000000000000,1.000000000000,1.000000000000,1.000000000000,1.000000000000,1.000000000000,1.000000000000,1.000000000000,1.000000000000,1.000000000000,1.000000000000,1.000000000000,1.000000000000,1.000000000000,1.000000000000,1.000000000000,1.000000000000,1.000000000000,1.000000000000,1.000000000000,1.000000000000,1.000000000000,1.000000000000,1.000000000000,1.000000000000,1.000000000000,1.000000000000,1.000000000000,1.000000000000,1.000000000000,1.000000000000,1.000000000000,1.000000000000,1.000000000000,1.000000000000,1.000000000000,1.000000000000,1.000000000000,1.000000000000,1.000000000000,1.000000000000,1.000000000000,1.000000000000,1.000000000000,1.000000000000,1.000000000000,1.000000000000,1.000000000000,1.000000000000,1.000000000000,1.000000000000,1.000000000000,1.000000000000,1.000000000000,1.000000000000,1.000000000000,1.000000000000,1.000000000000,1.000000000000,1.000000000000,1.000000000000,1.000000000000,1.000000000000,1.000000000000,1.000000000000,1.000000000000,1.000000000000,1.000000000000,1.000000000000,1.000000000000,1.000000000000,1.000000000000,1.000000000000,1.000000000000,1.000000000000,1.000000000000,1.000000000000,1.000000000000,1.000000000000,1.000000000000,1.000000000000,1.000000000000,1.000000000000,1.000000000000,1.000000000000,1.000000000000,1.000000000000,1.000000000000,1.000000000000,1.000000000000,1.000000000000,1.000000000000,1.000000000000),(0.707106781187,0.707106781187,0.707106781187,0.707106781187,0.707106781187,0.707106781187,0.707106781187,0.707106781187,0.707106781187,0.707106781187,0.707106781187,0.707106781187,0.707106781187,0.707106781187,0.707106781187,0.707106781187,0.707106781187,0.707106781187,0.707106781187,0.707106781187,0.707106781187,0.707106781187,0.707106781187,0.707106781187,0.707106781187,0.707106781187,0.707106781187,0.707106781187,0.707106781187,0.707106781187,0.707106781187,0.707106781187,0.707106781187,0.707106781187,0.707106781187,0.707106781187,0.707106781187,0.707106781187,0.707106781187,0.707106781187,0.707106781187,0.707106781187,0.707106781187,0.707106781187,0.707106781187,0.707106781187,0.707106781187,0.707106781187,0.707106781187,0.707106781187,0.707106781187,0.707106781187,0.707106781187,0.707106781187,0.707106781187,0.707106781187,0.707106781187,0.707106781187,0.707106781187,0.707106781187,0.707106781187,0.707106781187,0.707106781187,0.707106781187,0.707106781187,0.707106781187,0.707106781187,0.707106781187,0.707106781187,0.707106781187,0.707106781187,0.707106781187,0.707106781187,0.707106781187,0.707106781187,0.707106781187,0.707106781187,0.707106781187,0.707106781187,0.707106781187,0.707106781187,0.707106781187,0.707106781187,0.707106781187,0.707106781187,0.707106781187,0.707106781187,0.707106781187,0.707106781187,0.707106781187,0.707106781187,0.707106781187,0.707106781187,0.707106781187,0.707106781187,0.707106781187,0.707106781187,0.707106781187,0.707106781187,0.707106781187,0.707106781187,0.707106781187,0.707106781187,0.707106781187,0.707106781187,0.707106781187,0.707106781187,0.707106781187,0.707106781187,0.707106781187,0.707106781187,0.707106781187,0.707106781187,0.707106781187,0.707106781187,0.707106781187,0.707106781187,0.707106781187,0.707106781187,0.707106781187,0.707106781187,0.707106781187,0.707106781187,0.707106781187,0.707106781187,0.707106781187,0.707106781187,0.707106781187,0.707106781187),(1.000000000000,1.000000000000,1.000000000000,1.000000000000,1.000000000000,1.000000000000,1.000000000000,1.000000000000,1.000000000000,1.000000000000,1.000000000000,1.000000000000,1.000000000000,1.000000000000,1.000000000000,1.000000000000,1.000000000000,1.000000000000,1.000000000000,1.000000000000,1.000000000000,1.000000000000,1.000000000000,1.000000000000,1.000000000000,1.000000000000,1.000000000000,1.000000000000,1.000000000000,1.000000000000,1.000000000000,1.000000000000,1.000000000000,1.000000000000,1.000000000000,1.000000000000,1.000000000000,1.000000000000,1.000000000000,1.000000000000,1.000000000000,1.000000000000,1.000000000000,1.000000000000,1.000000000000,1.000000000000,1.000000000000,1.000000000000,1.000000000000,1.000000000000,1.000000000000,1.000000000000,1.000000000000,1.000000000000,1.000000000000,1.000000000000,1.000000000000,1.000000000000,1.000000000000,1.000000000000,1.000000000000,1.000000000000,1.000000000000,1.000000000000,1.000000000000,1.000000000000,1.000000000000,1.000000000000,1.000000000000,1.000000000000,1.000000000000,1.000000000000,1.000000000000,1.000000000000,1.000000000000,1.000000000000,1.000000000000,1.000000000000,1.000000000000,1.000000000000,1.000000000000,1.000000000000,1.000000000000,1.000000000000,1.000000000000,1.000000000000,1.000000000000,1.000000000000,1.000000000000,1.000000000000,1.000000000000,1.000000000000,1.000000000000,1.000000000000,1.000000000000,1.000000000000,1.000000000000,1.000000000000,1.000000000000,1.000000000000,1.000000000000,1.000000000000,1.000000000000,1.000000000000,1.000000000000,1.000000000000,1.000000000000,1.000000000000,1.000000000000,1.000000000000,1.000000000000,1.000000000000,1.000000000000,1.000000000000,1.000000000000,1.000000000000,1.000000000000,1.000000000000,1.000000000000,1.000000000000,1.000000000000,1.000000000000,1.000000000000,1.000000000000,1.000000000000,1.000000000000,1.000000000000,1.000000000000,1.000000000000))) REPRESENTATION_ITEM('') SURFACE() );
#1622 = CARTESIAN_POINT('',(0.000000000000,4.000000000000,-0.000000000000));
#1623 = VERTEX_POINT('',#1622);
#1624 = CARTESIAN_POINT('',(0.000000000000,-0.000000000000,-4.000000000000));
#1625 = CARTESIAN_POINT('',(0.000000000000,4.000000000000,-4.000000000000));
#1626 = CARTESIAN_POINT('',(0.000000000000,4.000000000000,-0.000000000000));
#1627 = ( BOUNDED_CURVE() B_SPLINE_CURVE(2,(#1624,#1625,#1626),.UNSPECIFIED.,.F.,.F.) B_SPLINE_CURVE_WITH_KNOTS((3,3),(0.000000000000,1.000000000000),.UNSPECIFIED.) GEOMETRIC_REPRESENTATION_ITEM() RATIONAL_B_SPLINE_CURVE((1.000000000000,0.707106781187,1.000000000000)) REPRESENTATION_ITEM('') );
#1628 = EDGE_CURVE('',#1083,#1623,#1627,.T.);
#1629 = ORIENTED_EDGE('',*,*,#1628,.T.);
#1630 = CARTESIAN_POINT('',(16.000000000000,80.000000000000,80.000000000000));
#1631 = VERTEX_POINT('',#1630);
#1632 = CARTESIAN_POINT('',(0.000000000000,4.000000000000,-0.000000000000));
#1633 = CARTESIAN_POINT('',(2.000000000000,4.000000000000,-0.000000000000));
#1634 = CARTESIAN_POINT('',(4.000000000000,4.000000000000,-0.000000000000));
#1635 = CARTESIAN_POINT('',(6.000000000000,4.000000000000,-0.000000000000));
#1636 = CARTESIAN_POINT('',(8.000000000000,4.000000000000,-0.000000000000));
#1637 = CARTESIAN_POINT('',(10.000000000000,4.000000000000,-0.000000000000));
#1638 = CARTESIAN_POINT('',(12.000000000000,4.000000000000,-0.000000000000));
#1639 = CARTESIAN_POINT('',(14.000000000000,4.000000000000,-0.000000000000));
#1640 = CARTESIAN_POINT('',(16.000000000000,4.000000000000,-0.000000000000));
#1641 = CARTESIAN_POINT('',(18.000000000000,4.000000000000,-0.000000000000));
#1642 = CARTESIAN_POINT('',(20.000000000000,4.000000000000,-0.000000000000));
#1643 = CARTESIAN_POINT('',(22.000000000000,4.000000000000,-0.000000000000));
#1644 = CARTESIAN_POINT('',(24.000000000000,4.000000000000,-0.000000000000));
#1645 = CARTESIAN_POINT('',(26.000000000000,4.000000000000,-0.000000000000));
#1646 = CARTESIAN_POINT('',(28.000000000000,4.000000000000,-0.000000000000));
#1647 = CARTESIAN_POINT('',(30.000000000000,4.000000000000,-0.000000000000));
#1648 = CARTESIAN_POINT('',(32.000000000000,4.000000000000,-0.000000000000));
#1649 = CARTESIAN_POINT('',(34.000000000000,4.000000000000,-0.000000000000));
#1650 = CARTESIAN_POINT('',(36.000000000000,4.000000000000,-0.000000000000));
#1651 = CARTESIAN_POINT('',(38.000000000000,4.000000000000,-0.000000000000));
#1652 = CARTESIAN_POINT('',(40.000000000000,4.000000000000,-0.000000000000));
#1653 = CARTESIAN_POINT('',(42.000000000000,4.000000000000,-0.000000000000));
#1654 = CARTESIAN_POINT('',(44.000000000000,4.000000000000,-0.000000000000));
#1655 = CARTESIAN_POINT('',(46.000000000000,4.000000000000,-0.000000000000));
#1656 = CARTESIAN_POINT('',(48.000000000000,4.000000000000,-0.000000000000));
#1657 = CARTESIAN_POINT('',(49.758840334370,3.992723633771,-0.000000000000));
#1658 = CARTESIAN_POINT('',(50.473333238768,4.005470464418,-0.000000000000));
#1659 = CARTESIAN_POINT('',(51.213620861889,4.109571366249,-0.000000000000));
#1660 = CARTESIAN_POINT('',(51.962817599497,4.314322829933,-0.000000000000));
#1661 = CARTESIAN_POINT('',(52.700770024796,4.624849640920,-0.000000000000));
#1662 = CARTESIAN_POINT('',(53.405394932081,5.040842494754,-0.000000000000));
#1663 = CARTESIAN_POINT('',(54.054558208465,5.555844789001,-0.000000000000));
#1664 = CARTESIAN_POINT('',(54.628213276699,6.157339206365,-0.000000000000));
#1665 = CARTESIAN_POINT('',(55.110398350470,6.827712732013,-0.000000000000));
#1666 = CARTESIAN_POINT('',(55.490690752812,7.545954331576,-0.000000000000));
#1667 = CARTESIAN_POINT('',(55.764847907554,8.289749342739,-0.000000000000));
#1668 = CARTESIAN_POINT('',(55.934578885821,9.037554795039,-0.000000000000));
#1669 = CARTESIAN_POINT('',(56.000000000000,10.000000000000,-0.000000000000));
#1670 = CARTESIAN_POINT('',(56.000000000000,12.000000000000,-0.000000000000));
#1671 = CARTESIAN_POINT('',(56.000000000000,14.000000000000,-0.000000000000));
#1672 = CARTESIAN_POINT('',(56.000000000000,16.000000000000,-0.000000000000));
#1673 = CARTESIAN_POINT('',(56.000000000000,18.000000000000,-0.000000000000));
#1674 = CARTESIAN_POINT('',(56.000000000000,20.000000000000,-0.000000000000));
#1675 = CARTESIAN_POINT('',(56.000000000000,22.000000000000,-0.000000000000));
#1676 = CARTESIAN_POINT('',(56.000000000000,24.000000000000,-0.000000000000));
#1677 = CARTESIAN_POINT('',(56.000000000000,26.000000000000,-0.000000000000));
#1678 = CARTESIAN_POINT('',(56.000000000000,28.000000000000,-0.000000000000));
#1679 = CARTESIAN_POINT('',(56.000000000000,30.000000000000,-0.000000000000));
#1680 = CARTESIAN_POINT('',(56.000000000000,32.000000000000,-0.000000000000));
#1681 = CARTESIAN_POINT('',(56.000000000000,34.000000000000,-0.000000000000));
#1682 = CARTESIAN_POINT('',(56.000000000000,36.000000000000,-0.000000000000));
#1683 = CARTESIAN_POINT('',(56.000000000000,38.000000000000,-0.000000000000));
#1684 = CARTESIAN_POINT('',(56.000000000000,40.000000000000,-0.000000000000));
#1685 = CARTESIAN_POINT('',(56.000000000000,41.203604870590,0.072697480408));
#1686 = CARTESIAN_POINT('',(56.000000000000,42.440522289084,0.302379108437));
#1687 = CARTESIAN_POINT('',(56.000000000000,43.680947095619,0.702116989376));
#1688 = CARTESIAN_POINT('',(56.000000000000,44.890416764109,1.277395808973));
#1689 = CARTESIAN_POINT('',(56.000000000000,46.032307532947,2.024332891353));
#1690 = CARTESIAN_POINT('',(56.000000000000,47.071067811865,2.928932188135));
#1691 = CARTESIAN_POINT('',(56.000000000000,47.975667108647,3.967692467053));
#1692 = CARTESIAN_POINT('',(56.000000000000,48.722604191027,5.109583235891));
#1693 = CARTESIAN_POINT('',(56.000000000000,49.297883010624,6.319052904381));
#1694 = CARTESIAN_POINT('',(56.000000000000,49.697620891563,7.559477710916));
#1695 = CARTESIAN_POINT('',(56.000000000000,49.927302519592,8.796395129410));
#1696 = CARTESIAN_POINT('',(56.000000000000,50.000000000000,10.000000000000));
#1697 = CARTESIAN_POINT('',(56.000000000000,50.000000000000,12.000000000000));
#1698 = CARTESIAN_POINT('',(56.000000000000,50.000000000000,14.000000000000));
#1699 = CARTESIAN_POINT('',(56.000000000000,50.000000000000,16.000000000000));
#1700 = CARTESIAN_POINT('',(56.000000000000,50.000000000000,18.000000000000));
#1701 = CARTESIAN_POINT('',(56.000000000000,50.000000000000,20.000000000000));
#1702 = CARTESIAN_POINT('',(56.000000000000,50.000000000000,22.000000000000));
#1703 = CARTESIAN_POINT('',(56.000000000000,50.000000000000,24.000000000000));
#1704 = CARTESIAN_POINT('',(56.000000000000,50.000000000000,26.000000000000));
#1705 = CARTESIAN_POINT('',(56.000000000000,50.000000000000,28.000000000000));
#1706 = CARTESIAN_POINT('',(56.004656874387,49.996507344210,29.807072267496));
#1707 = CARTESIAN_POINT('',(55.984867305907,50.011349520570,30.619387565132));
#1708 = CARTESIAN_POINT('',(55.881493668251,50.088879748812,31.459001147328));
#1709 = CARTESIAN_POINT('',(55.686494670543,50.235128997093,32.306443498721));
#1710 = CARTESIAN_POINT('',(55.395712900375,50.453215324718,33.138699372659));
#1711 = CARTESIAN_POINT('',(55.009967540741,50.742524344444,33.930777452254));
#1712 = CARTESIAN_POINT('',(54.535630184938,51.098277361297,34.657860129145));
#1713 = CARTESIAN_POINT('',(53.984472113198,51.511645915102,35.297704043089));
#1714 = CARTESIAN_POINT('',(53.372730533769,51.970452099673,35.832839518581));
#1715 = CARTESIAN_POINT('',(52.719540763090,52.460344427682,36.252129204374));
#1716 = CARTESIAN_POINT('',(52.045043986900,52.966217009825,36.551402504356));
#1717 = CARTESIAN_POINT('',(51.368541710469,53.473593717148,36.733123612575));
#1718 = CARTESIAN_POINT('',(50.560000000000,54.080000000000,36.800000000000));
#1719 = CARTESIAN_POINT('',(48.960000000000,55.280000000000,36.800000000000));
#1720 = CARTESIAN_POINT('',(47.360000000000,56.480000000000,36.800000000000));
#1721 = CARTESIAN_POINT('',(45.760000000000,57.680000000000,36.800000000000));
#1722 = CARTESIAN_POINT('',(44.160000000000,58.880000000000,36.800000000000));
#1723 = CARTESIAN_POINT('',(42.560000000000,60.080000000000,36.800000000000));
#1724 = CARTESIAN_POINT('',(40.960000000000,61.280000000000,36.800000000000));
#1725 = CARTESIAN_POINT('',(39.360000000000,62.480000000000,36.800000000000));
#1726 = CARTESIAN_POINT('',(37.760000000000,63.680000000000,36.800000000000));
#1727 = CARTESIAN_POINT('',(36.160000000000,64.880000000000,36.800000000000));
#1728 = CARTESIAN_POINT('',(34.560000000000,66.080000000000,36.800000000000));
#1729 = CARTESIAN_POINT('',(32.960000000000,67.280000000000,36.800000000000));
#1730 = CARTESIAN_POINT('',(31.360000000000,68.480000000000,36.800000000000));
#1731 = CARTESIAN_POINT('',(29.760000000000,69.680000000000,36.800000000000));
#1732 = CARTESIAN_POINT('',(28.160000000000,70.880000000000,36.800000000000));
#1733 = CARTESIAN_POINT('',(26.405657813997,72.195756639502,36.805821092983));
#1734 = CARTESIAN_POINT('',(25.129742259161,73.152693305629,36.926479093201));
#1735 = CARTESIAN_POINT('',(23.822365255329,74.133226058504,37.256625302187));
#1736 = CARTESIAN_POINT('',(22.515639445987,75.113270415510,37.812352316930));
#1737 = CARTESIAN_POINT('',(21.246292675553,76.065280493335,38.599432743415));
#1738 = CARTESIAN_POINT('',(20.052929909088,76.960302568184,39.611125208633));
#1739 = CARTESIAN_POINT('',(18.972579604331,77.770565296752,40.827402107441));
#1740 = CARTESIAN_POINT('',(18.037095860636,78.472178104523,42.215975075603));
#1741 = CARTESIAN_POINT('',(17.270104909222,79.047421318084,43.735079638994));
#1742 = CARTESIAN_POINT('',(16.685090546501,79.486182090125,45.337531762626));
#1743 = CARTESIAN_POINT('',(16.284928576983,79.786303567263,46.975260405458));
#1744 = CARTESIAN_POINT('',(16.062814858713,79.952888855965,48.603467396906));
#1745 = CARTESIAN_POINT('',(16.000000000000,80.000000000000,50.000000000000));
#1746 = CARTESIAN_POINT('',(16.000000000000,80.000000000000,52.000000000000));
#1747 = CARTESIAN_POINT('',(16.000000000000,80.000000000000,54.000000000000));
#1748 = CARTESIAN_POINT('',(16.000000000000,80.000000000000,56.000000000000));
#1749 = CARTESIAN_POINT('',(16.000000000000,80.000000000000,58.000000000000));
#1750 = CARTESIAN_POINT('',(16.000000000000,80.000000000000,60.000000000000));
#1751 = CARTESIAN_POINT('',(16.000000000000,80.000000000000,62.000000000000));
#1752 = CARTESIAN_POINT('',(16.000000000000,80.000000000000,64.000000000000));
#1753 = CARTESIAN_POINT('',(16.000000000000,80.000000000000,66.000000000000));
#1754 = CARTESIAN_POINT('',(16.000000000000,80.000000000000,68.000000000000));
#1755 = CARTESIAN_POINT('',(16.000000000000,80.000000000000,70.000000000000));
#1756 = CARTESIAN_POINT('',(16.000000000000,80.000000000000,72.000000000000));
#1757 = CARTESIAN_POINT('',(16.000000000000,80.000000000000,74.000000000000));
#1758 = CARTESIAN_POINT('',(16.000000000000,80.000000000000,76.000000000000));
#1759 = CARTESIAN_POINT('',(16.000000000000,80.000000000000,78.000000000000));
#1760 = CARTESIAN_POINT('',(16.000000000000,80.000000000000,80.000000000000));
#1761 = B_SPLINE_CURVE_WITH_KNOTS('',1,(#1632,#1633,#1634,#1635,#1636,#1637,#1638,#1639,#1640,#1641,#1642,#1643,#1644,#1645,#1646,#1647,#1648,#1649,#1650,#1651,#1652,#1653,#1654,#1655,#1656,#1657,#1658,#1659,#1660,#1661,#1662,#1663,#1664,#1665,#1666,#1667,#1668,#1669,#1670,#1671,#1672,#1673,#1674,#1675,#1676,#1677,#1678,#1679,#1680,#1681,#1682,#1683,#1684,#1685,#1686,#1687,#1688,#1689,#1690,#1691,#1692,#1693,#1694,#1695,#1696,#1697,#1698,#1699,#1700,#1701,#1702,#1703,#1704,#1705,#1706,#1707,#1708,#1709,#1710,#1711,#1712,#1713,#1714,#1715,#1716,#1717,#1718,#1719,#1720,#1721,#1722,#1723,#1724,#1725,#1726,#1727,#1728,#1729,#1730,#1731,#1732,#1733,#1734,#1735,#1736,#1737,#1738,#1739,#1740,#1741,#1742,#1743,#1744,#1745,#1746,#1747,#1748,#1749,#1750,#1751,#1752,#1753,#1754,#1755,#1756,#1757,#1758,#1759,#1760),.UNSPECIFIED.,.F.,.F.,(2,1,1,1,1,1,1,1,1,1,1,1,1,1,1,1,1,1,1,1,1,1,1,1,1,1,1,1,1,1,1,1,1,1,1,1,1,1,1,1,1,1,1,1,1,1,1,1,1,1,1,1,1,1,1,1,1,1,1,1,1,1,1,1,1,1,1,1,1,1,1,1,1,1,1,1,1,1,1,1,1,1,1,1,1,1,1,1,1,1,1,1,1,1,1,1,1,1,1,1,1,1,1,1,1,1,1,1,1,1,1,1,1,1,1,1,1,1,1,1,1,1,1,1,1,1,1,1,2),(0.000000000000,0.007812500000,0.015625000000,0.023437500000,0.031250000000,0.039062500000,0.046875000000,0.054687500000,0.062500000000,0.070312500000,0.078125000000,0.085937500000,0.093750000000,0.101562500000,0.109375000000,0.117187500000,0.125000000000,0.132812500000,0.140625000000,0.148437500000,0.156250000000,0.164062500000,0.171875000000,0.179687500000,0.187500000000,0.195312500000,0.203125000000,0.210937500000,0.218750000000,0.226562500000,0.234375000000,0.242187500000,0.250000000000,0.257812500000,0.265625000000,0.273437500000,0.281250000000,0.289062500000,0.296875000000,0.304687500000,0.312500000000,0.320312500000,0.328125000000,0.335937500000,0.343750000000,0.351562500000,0.359375000000,0.367187500000,0.375000000000,0.382812500000,0.390625000000,0.398437500000,0.406250000000,0.414062500000,0.421875000000,0.429687500000,0.437500000000,0.445312500000,0.453125000000,0.460937500000,0.468750000000,0.476562500000,0.484375000000,0.492187500000,0.500000000000,0.507812500000,0.515625000000,0.523437500000,0.531250000000,0.539062500000,0.546875000000,0.554687500000,0.562500000000,0.570312500000,0.578125000000,0.585937500000,0.593750000000,0.601562500000,0.609375000000,0.617187500000,0.625000000000,0.632812500000,0.640625000000,0.648437500000,0.656250000000,0.664062500000,0.671875000000,0.679687500000,0.687500000000,0.695312500000,0.703125000000,0.710937500000,0.718750000000,0.726562500000,0.734375000000,0.742187500000,0.750000000000,0.757812500000,0.765625000000,0.773437500000,0.781250000000,0.789062500000,0.796875000000,0.804687500000,0.812500000000,0.820312500000,0.828125000000,0.835937500000,0.843750000000,0.851562500000,0.859375000000,0.867187500000,0.875000000000,0.882812500000,0.890625000000,0.898437500000,0.906250000000,0.914062500000,0.921875000000,0.929687500000,0.937500000000,0.945312500000,0.953125000000,0.960937500000,0.968750000000,0.976562500000,0.984375000000,0.992187500000,1.000000000000),.UNSPECIFIED.);
#1762 = EDGE_CURVE('',#1623,#1631,#1761,.T.);
#1763 = ORIENTED_EDGE('',*,*,#1762,.T.);
#1764 = CARTESIAN_POINT('',(20.000000000000,84.000000000000,80.000000000000));
#1765 = CARTESIAN_POINT('',(16.000000000000,84.000000000000,80.000000000000));
#1766 = CARTESIAN_POINT('',(16.000000000000,80.000000000000,80.000000000000));
#1767 = ( BOUNDED_CURVE() B_SPLINE_CURVE(2,(#1764,#1765,#1766),.UNSPECIFIED.,.F.,.F.) B_SPLINE_CURVE_WITH_KNOTS((3,3),(0.000000000000,1.000000000000),.UNSPECIFIED.) GEOMETRIC_REPRESENTATION_ITEM() RATIONAL_B_SPLINE_CURVE((1.000000000000,0.707106781187,1.000000000000)) REPRESENTATION_ITEM('') );
#1768 = EDGE_CURVE('',#1091,#1631,#1767,.T.);
#1769 = ORIENTED_EDGE('',*,*,#1768,.F.);
#1770 = ORIENTED_EDGE('',*,*,#1222,.F.);
#1771 = EDGE_LOOP('',(#1629,#1763,#1769,#1770));
#1772 = FACE_OUTER_BOUND('',#1771,.T.);
#1773 = ADVANCED_FACE('',(#1772) ,#1621,.T.);
#1774 = CARTESIAN_POINT('',(0.000000000000,4.000000000000,-0.000000000000));
#1775 = CARTESIAN_POINT('',(2.000000000000,4.000000000000,-0.000000000000));
#1776 = CARTESIAN_POINT('',(4.000000000000,4.000000000000,-0.000000000000));
#1777 = CARTESIAN_POINT('',(6.000000000000,4.000000000000,-0.000000000000));
#1778 = CARTESIAN_POINT('',(8.000000000000,4.000000000000,-0.000000000000));
#1779 = CARTESIAN_POINT('',(10.000000000000,4.000000000000,-0.000000000000));
#1780 = CARTESIAN_POINT('',(12.000000000000,4.000000000000,-0.000000000000));
#1781 = CARTESIAN_POINT('',(14.000000000000,4.000000000000,-0.000000000000));
#1782 = CARTESIAN_POINT('',(16.000000000000,4.000000000000,-0.000000000000));
#1783 = CARTESIAN_POINT('',(18.000000000000,4.000000000000,-0.000000000000));
#1784 = CARTESIAN_POINT('',(20.000000000000,4.000000000000,-0.000000000000));
#1785 = CARTESIAN_POINT('',(22.000000000000,4.000000000000,-0.000000000000));
#1786 = CARTESIAN_POINT('',(24.000000000000,4.000000000000,-0.000000000000));
#1787 = CARTESIAN_POINT('',(26.000000000000,4.000000000000,-0.000000000000));
#1788 = CARTESIAN_POINT('',(28.000000000000,4.000000000000,-0.000000000000));
#1789 = CARTESIAN_POINT('',(30.000000000000,4.000000000000,-0.000000000000));
#1790 = CARTESIAN_POINT('',(32.000000000000,4.000000000000,-0.000000000000));
#1791 = CARTESIAN_POINT('',(34.000000000000,4.000000000000,-0.000000000000));
#1792 = CARTESIAN_POINT('',(36.000000000000,4.000000000000,-0.000000000000));
#1793 = CARTESIAN_POINT('',(38.000000000000,4.000000000000,-0.000000000000));
#1794 = CARTESIAN_POINT('',(40.000000000000,4.000000000000,-0.000000000000));
#1795 = CARTESIAN_POINT('',(42.000000000000,4.000000000000,-0.000000000000));
#1796 = CARTESIAN_POINT('',(44.000000000000,4.000000000000,-0.000000000000));
#1797 = CARTESIAN_POINT('',(46.000000000000,4.000000000000,-0.000000000000));
#1798 = CARTESIAN_POINT('',(48.000000000000,4.000000000000,-0.000000000000));
#1799 = CARTESIAN_POINT('',(49.758840334370,3.992723633771,-0.000000000000));
#1800 = CARTESIAN_POINT('',(50.473333238768,4.005470464418,-0.000000000000));
#1801 = CARTESIAN_POINT('',(51.213620861889,4.109571366249,-0.000000000000));
#1802 = CARTESIAN_POINT('',(51.962817599497,4.314322829933,-0.000000000000));
#1803 = CARTESIAN_POINT('',(52.700770024796,4.624849640920,-0.000000000000));
#1804 = CARTESIAN_POINT('',(53.405394932081,5.040842494754,-0.000000000000));
#1805 = CARTESIAN_POINT('',(54.054558208465,5.555844789001,-0.000000000000));
#1806 = CARTESIAN_POINT('',(54.628213276699,6.157339206365,-0.000000000000));
#1807 = CARTESIAN_POINT('',(55.110398350470,6.827712732013,-0.000000000000));
#1808 = CARTESIAN_POINT('',(55.490690752812,7.545954331576,-0.000000000000));
#1809 = CARTESIAN_POINT('',(55.764847907554,8.289749342739,-0.000000000000));
#1810 = CARTESIAN_POINT('',(55.934578885821,9.037554795039,-0.000000000000));
#1811 = CARTESIAN_POINT('',(56.000000000000,10.000000000000,-0.000000000000));
#1812 = CARTESIAN_POINT('',(56.000000000000,12.000000000000,-0.000000000000));
#1813 = CARTESIAN_POINT('',(56.000000000000,14.000000000000,-0.000000000000));
#1814 = CARTESIAN_POINT('',(56.000000000000,16.000000000000,-0.000000000000));
#1815 = CARTESIAN_POINT('',(56.000000000000,18.000000000000,-0.000000000000));
#1816 = CARTESIAN_POINT('',(56.000000000000,20.000000000000,-0.000000000000));
#1817 = CARTESIAN_POINT('',(56.000000000000,22.000000000000,-0.000000000000));
#1818 = CARTESIAN_POINT('',(56.000000000000,24.000000000000,-0.000000000000));
#1819 = CARTESIAN_POINT('',(56.000000000000,26.000000000000,-0.000000000000));
#1820 = CARTESIAN_POINT('',(56.000000000000,28.000000000000,-0.000000000000));
#1821 = CARTESIAN_POINT('',(56.000000000000,30.000000000000,-0.000000000000));
#1822 = CARTESIAN_POINT('',(56.000000000000,32.000000000000,-0.000000000000));
#1823 = CARTESIAN_POINT('',(56.000000000000,34.000000000000,-0.000000000000));
#1824 = CARTESIAN_POINT('',(56.000000000000,36.000000000000,-0.000000000000));
#1825 = CARTESIAN_POINT('',(56.000000000000,38.000000000000,-0.000000000000));
#1826 = CARTESIAN_POINT('',(56.000000000000,40.000000000000,-0.000000000000));
#1827 = CARTESIAN_POINT('',(56.000000000000,41.203604870590,0.072697480408));
#1828 = CARTESIAN_POINT('',(56.000000000000,42.440522289084,0.302379108437));
#1829 = CARTESIAN_POINT('',(56.000000000000,43.680947095619,0.702116989376));
#1830 = CARTESIAN_POINT('',(56.000000000000,44.890416764109,1.277395808973));
#1831 = CARTESIAN_POINT('',(56.000000000000,46.032307532947,2.024332891353));
#1832 = CARTESIAN_POINT('',(56.000000000000,47.071067811865,2.928932188135));
#1833 = CARTESIAN_POINT('',(56.000000000000,47.975667108647,3.967692467053));
#1834 = CARTESIAN_POINT('',(56.000000000000,48.722604191027,5.109583235891));
#1835 = CARTESIAN_POINT('',(56.000000000000,49.297883010624,6.319052904381));
#1836 = CARTESIAN_POINT('',(56.000000000000,49.697620891563,7.559477710916));
#1837 = CARTESIAN_POINT('',(56.000000000000,49.927302519592,8.796395129410));
#1838 = CARTESIAN_POINT('',(56.000000000000,50.000000000000,10.000000000000));
#1839 = CARTESIAN_POINT('',(56.000000000000,50.000000000000,12.000000000000));
#1840 = CARTESIAN_POINT('',(56.000000000000,50.000000000000,14.000000000000));
#1841 = CARTESIAN_POINT('',(56.000000000000,50.000000000000,16.000000000000));
#1842 = CARTESIAN_POINT('',(56.000000000000,50.000000000000,18.000000000000));
#1843 = CARTESIAN_POINT('',(56.000000000000,50.000000000000,20.000000000000));
#1844 = CARTESIAN_POINT('',(56.000000000000,50.000000000000,22.000000000000));
#1845 = CARTESIAN_POINT('',(56.000000000000,50.000000000000,24.000000000000));
#1846 = CARTESIAN_POINT('',(56.000000000000,50.000000000000,26.000000000000));
#1847 = CARTESIAN_POINT('',(56.000000000000,50.000000000000,28.000000000000));
#1848 = CARTESIAN_POINT('',(56.004656874387,49.996507344210,29.807072267496));
#1849 = CARTESIAN_POINT('',(55.984867305907,50.011349520570,30.619387565132));
#1850 = CARTESIAN_POINT('',(55.881493668251,50.088879748812,31.459001147328));
#1851 = CARTESIAN_POINT('',(55.686494670543,50.235128997093,32.306443498721));
#1852 = CARTESIAN_POINT('',(55.395712900375,50.453215324718,33.138699372659));
#1853 = CARTESIAN_POINT('',(55.009967540741,50.742524344444,33.930777452254));
#1854 = CARTESIAN_POINT('',(54.535630184938,51.098277361297,34.657860129145));
#1855 = CARTESIAN_POINT('',(53.984472113198,51.511645915102,35.297704043089));
#1856 = CARTESIAN_POINT('',(53.372730533769,51.970452099673,35.832839518581));
#1857 = CARTESIAN_POINT('',(52.719540763090,52.460344427682,36.252129204374));
#1858 = CARTESIAN_POINT('',(52.045043986900,52.966217009825,36.551402504356));
#1859 = CARTESIAN_POINT('',(51.368541710469,53.473593717148,36.733123612575));
#1860 = CARTESIAN_POINT('',(50.560000000000,54.080000000000,36.800000000000));
#1861 = CARTESIAN_POINT('',(48.960000000000,55.280000000000,36.800000000000));
#1862 = CARTESIAN_POINT('',(47.360000000000,56.480000000000,36.800000000000));
#1863 = CARTESIAN_POINT('',(45.760000000000,57.680000000000,36.800000000000));
#1864 = CARTESIAN_POINT('',(44.160000000000,58.880000000000,36.800000000000));
#1865 = CARTESIAN_POINT('',(42.560000000000,60.080000000000,36.800000000000));
#1866 = CARTESIAN_POINT('',(40.960000000000,61.280000000000,36.800000000000));
#1867 = CARTESIAN_POINT('',(39.360000000000,62.480000000000,36.800000000000));
#1868 = CARTESIAN_POINT('',(37.760000000000,63.680000000000,36.800000000000));
#1869 = CARTESIAN_POINT('',(36.160000000000,64.880000000000,36.800000000000));
#1870 = CARTESIAN_POINT('',(34.560000000000,66.080000000000,36.800000000000));
#1871 = CARTESIAN_POINT('',(32.960000000000,67.280000000000,36.800000000000));
#1872 = CARTESIAN_POINT('',(31.360000000000,68.480000000000,36.800000000000));
#1873 = CARTESIAN_POINT('',(29.760000000000,69.680000000000,36.800000000000));
#1874 = CARTESIAN_POINT('',(28.160000000000,70.880000000000,36.800000000000));
#1875 = CARTESIAN_POINT('',(26.405657813997,72.195756639502,36.805821092983));
#1876 = CARTESIAN_POINT('',(25.129742259161,73.152693305629,36.926479093201));
#1877 = CARTESIAN_POINT('',(23.822365255329,74.133226058504,37.256625302187));
#1878 = CARTESIAN_POINT('',(22.515639445987,75.113270415510,37.812352316930));
#1879 = CARTESIAN_POINT('',(21.246292675553,76.065280493335,38.599432743415));
#1880 = CARTESIAN_POINT('',(20.052929909088,76.960302568184,39.611125208633));
#1881 = CARTESIAN_POINT('',(18.972579604331,77.770565296752,40.827402107441));
#1882 = CARTESIAN_POINT('',(18.037095860636,78.472178104523,42.215975075603));
#1883 = CARTESIAN_POINT('',(17.270104909222,79.047421318084,43.735079638994));
#1884 = CARTESIAN_POINT('',(16.685090546501,79.486182090125,45.337531762626));
#1885 = CARTESIAN_POINT('',(16.284928576983,79.786303567263,46.975260405458));
#1886 = CARTESIAN_POINT('',(16.062814858713,79.952888855965,48.603467396906));
#1887 = CARTESIAN_POINT('',(16.000000000000,80.000000000000,50.000000000000));
#1888 = CARTESIAN_POINT('',(16.000000000000,80.000000000000,52.000000000000));
#1889 = CARTESIAN_POINT('',(16.000000000000,80.000000000000,54.000000000000));
#1890 = CARTESIAN_POINT('',(16.000000000000,80.000000000000,56.000000000000));
#1891 = CARTESIAN_POINT('',(16.000000000000,80.000000000000,58.000000000000));
#1892 = CARTESIAN_POINT('',(16.000000000000,80.000000000000,60.000000000000));
#1893 = CARTESIAN_POINT('',(16.000000000000,80.000000000000,62.000000000000));
#1894 = CARTESIAN_POINT('',(16.000000000000,80.000000000000,64.000000000000));
#1895 = CARTESIAN_POINT('',(16.000000000000,80.000000000000,66.000000000000));
#1896 = CARTESIAN_POINT('',(16.000000000000,80.000000000000,68.000000000000));
#1897 = CARTESIAN_POINT('',(16.000000000000,80.000000000000,70.000000000000));
#1898 = CARTESIAN_POINT('',(16.000000000000,80.000000000000,72.000000000000));
#1899 = CARTESIAN_POINT('',(16.000000000000,80.000000000000,74.000000000000));
#1900 = CARTESIAN_POINT('',(16.000000000000,80.000000000000,76.000000000000));
#1901 = CARTESIAN_POINT('',(16.000000000000,80.000000000000,78.000000000000));
#1902 = CARTESIAN_POINT('',(16.000000000000,80.000000000000,80.000000000000));
#1903 = CARTESIAN_POINT('',(0.000000000000,4.000000000000,4.000000000000));
#1904 = CARTESIAN_POINT('',(2.000000000000,4.000000000000,4.000000000000));
#1905 = CARTESIAN_POINT('',(4.000000000000,4.000000000000,4.000000000000));
#1906 = CARTESIAN_POINT('',(6.000000000000,4.000000000000,4.000000000000));
#1907 = CARTESIAN_POINT('',(8.000000000000,4.000000000000,4.000000000000));
#1908 = CARTESIAN_POINT('',(10.000000000000,4.000000000000,4.000000000000));
#1909 = CARTESIAN_POINT('',(12.000000000000,4.000000000000,4.000000000000));
#1910 = CARTESIAN_POINT('',(14.000000000000,4.000000000000,4.000000000000));
#1911 = CARTESIAN_POINT('',(16.000000000000,4.000000000000,4.000000000000));
#1912 = CARTESIAN_POINT('',(18.000000000000,4.000000000000,4.000000000000));
#1913 = CARTESIAN_POINT('',(20.000000000000,4.000000000000,4.000000000000));
#1914 = CARTESIAN_POINT('',(22.000000000000,4.000000000000,4.000000000000));
#1915 = CARTESIAN_POINT('',(24.000000000000,4.000000000000,4.000000000000));
#1916 = CARTESIAN_POINT('',(26.000000000000,4.000000000000,4.000000000000));
#1917 = CARTESIAN_POINT('',(28.000000000000,4.000000000000,4.000000000000));
#1918 = CARTESIAN_POINT('',(30.000000000000,4.000000000000,4.000000000000));
#1919 = CARTESIAN_POINT('',(32.000000000000,4.000000000000,4.000000000000));
#1920 = CARTESIAN_POINT('',(34.000000000000,4.000000000000,4.000000000000));
#1921 = CARTESIAN_POINT('',(36.000000000000,4.000000000000,4.000000000000));
#1922 = CARTESIAN_POINT('',(38.000000000000,4.000000000000,4.000000000000));
#1923 = CARTESIAN_POINT('',(40.000000000000,4.000000000000,4.000000000000));
#1924 = CARTESIAN_POINT('',(42.000000000000,4.000000000000,4.000000000000));
#1925 = CARTESIAN_POINT('',(44.000000000000,4.000000000000,4.000000000000));
#1926 = CARTESIAN_POINT('',(46.000000000000,4.000000000000,4.000000000000));
#1927 = CARTESIAN_POINT('',(48.000000000000,4.000000000000,4.000000000000));
#1928 = CARTESIAN_POINT('',(49.758840334370,3.992723633771,4.000000000000));
#1929 = CARTESIAN_POINT('',(50.473333238768,4.005470464418,4.000000000000));
#1930 = CARTESIAN_POINT('',(51.213620861889,4.109571366249,4.000000000000));
#1931 = CARTESIAN_POINT('',(51.962817599497,4.314322829933,4.000000000000));
#1932 = CARTESIAN_POINT('',(52.700770024796,4.624849640920,4.000000000000));
#1933 = CARTESIAN_POINT('',(53.405394932081,5.040842494754,4.000000000000));
#1934 = CARTESIAN_POINT('',(54.054558208465,5.555844789001,4.000000000000));
#1935 = CARTESIAN_POINT('',(54.628213276699,6.157339206365,4.000000000000));
#1936 = CARTESIAN_POINT('',(55.110398350470,6.827712732013,4.000000000000));
#1937 = CARTESIAN_POINT('',(55.490690752812,7.545954331576,4.000000000000));
#1938 = CARTESIAN_POINT('',(55.764847907554,8.289749342739,4.000000000000));
#1939 = CARTESIAN_POINT('',(55.934578885821,9.037554795039,4.000000000000));
#1940 = CARTESIAN_POINT('',(56.000000000000,10.000000000000,4.000000000000));
#1941 = CARTESIAN_POINT('',(56.000000000000,12.000000000000,4.000000000000));
#1942 = CARTESIAN_POINT('',(56.000000000000,14.000000000000,4.000000000000));
#1943 = CARTESIAN_POINT('',(56.000000000000,16.000000000000,4.000000000000));
#1944 = CARTESIAN_POINT('',(56.000000000000,18.000000000000,4.000000000000));
#1945 = CARTESIAN_POINT('',(56.000000000000,20.000000000000,4.000000000000));
#1946 = CARTESIAN_POINT('',(56.000000000000,22.000000000000,4.000000000000));
#1947 = CARTESIAN_POINT('',(56.000000000000,24.000000000000,4.000000000000));
#1948 = CARTESIAN_POINT('',(56.000000000000,26.000000000000,4.000000000000));
#1949 = CARTESIAN_POINT('',(56.000000000000,28.000000000000,4.000000000000));
#1950 = CARTESIAN_POINT('',(56.000000000000,30.000000000000,4.000000000000));
#1951 = CARTESIAN_POINT('',(56.000000000000,32.000000000000,4.000000000000));
#1952 = CARTESIAN_POINT('',(56.000000000000,34.000000000000,4.000000000000));
#1953 = CARTESIAN_POINT('',(56.000000000000,36.000000000000,4.000000000000));
#1954 = CARTESIAN_POINT('',(56.000000000000,38.000000000000,4.000000000000));
#1955 = CARTESIAN_POINT('',(56.000000000000,39.758840334370,3.992723633771));
#1956 = CARTESIAN_POINT('',(56.000000000000,40.473333238768,4.005470464418));
#1957 = CARTESIAN_POINT('',(56.000000000000,41.213620861889,4.109571366249));
#1958 = CARTESIAN_POINT('',(56.000000000000,41.962817599497,4.314322829933));
#1959 = CARTESIAN_POINT('',(56.000000000000,42.700770024796,4.624849640920));
#1960 = CARTESIAN_POINT('',(56.000000000000,43.405394932081,5.040842494754));
#1961 = CARTESIAN_POINT('',(56.000000000000,44.054558208465,5.555844789001));
#1962 = CARTESIAN_POINT('',(56.000000000000,44.628213276699,6.157339206365));
#1963 = CARTESIAN_POINT('',(56.000000000000,45.110398350470,6.827712732013));
#1964 = CARTESIAN_POINT('',(56.000000000000,45.490690752812,7.545954331576));
#1965 = CARTESIAN_POINT('',(56.000000000000,45.764847907554,8.289749342739));
#1966 = CARTESIAN_POINT('',(56.000000000000,45.934578885821,9.037554795039));
#1967 = CARTESIAN_POINT('',(56.000000000000,46.000000000000,10.000000000000));
#1968 = CARTESIAN_POINT('',(56.000000000000,46.000000000000,12.000000000000));
#1969 = CARTESIAN_POINT('',(56.000000000000,46.000000000000,14.000000000000));
#1970 = CARTESIAN_POINT('',(56.000000000000,46.000000000000,16.000000000000));
#1971 = CARTESIAN_POINT('',(56.000000000000,46.000000000000,18.000000000000));
#1972 = CARTESIAN_POINT('',(56.000000000000,46.000000000000,20.000000000000));
#1973 = CARTESIAN_POINT('',(56.000000000000,46.000000000000,22.000000000000));
#1974 = CARTESIAN_POINT('',(56.000000000000,46.000000000000,24.000000000000));
#1975 = CARTESIAN_POINT('',(56.000000000000,46.000000000000,26.000000000000));
#1976 = CARTESIAN_POINT('',(56.000000000000,46.000000000000,28.000000000000));
#1977 = CARTESIAN_POINT('',(56.001164218597,45.999126836053,29.951768066874));
#1978 = CARTESIAN_POINT('',(55.952598338232,46.035551246326,31.057550544226));
#1979 = CARTESIAN_POINT('',(55.788945952001,46.158290536000,32.195142003645));
#1980 = CARTESIAN_POINT('',(55.500353474010,46.374734894492,33.337321196394));
#1981 = CARTESIAN_POINT('',(55.082490739710,46.688131945217,34.452487416246));
#1982 = CARTESIAN_POINT('',(54.537892150373,47.096580887220,35.506925012774));
#1983 = CARTESIAN_POINT('',(53.876548233354,47.592588824985,36.467765891185));
#1984 = CARTESIAN_POINT('',(53.115502548068,48.163373088949,37.306176342257));
#1985 = CARTESIAN_POINT('',(52.277432691907,48.791925481069,38.000163022916));
#1986 = CARTESIAN_POINT('',(51.388453448144,49.458659913892,38.536444559062));
#1987 = CARTESIAN_POINT('',(50.475574370175,50.143319222369,38.911066294761));
#1988 = CARTESIAN_POINT('',(49.564298349972,50.826776237521,39.128757792837));
#1989 = CARTESIAN_POINT('',(48.640000000000,51.520000000000,39.200000000000));
#1990 = CARTESIAN_POINT('',(47.040000000000,52.720000000000,39.200000000000));
#1991 = CARTESIAN_POINT('',(45.440000000000,53.920000000000,39.200000000000));
#1992 = CARTESIAN_POINT('',(43.840000000000,55.120000000000,39.200000000000));
#1993 = CARTESIAN_POINT('',(42.240000000000,56.320000000000,39.200000000000));
#1994 = CARTESIAN_POINT('',(40.640000000000,57.520000000000,39.200000000000));
#1995 = CARTESIAN_POINT('',(39.040000000000,58.720000000000,39.200000000000));
#1996 = CARTESIAN_POINT('',(37.440000000000,59.920000000000,39.200000000000));
#1997 = CARTESIAN_POINT('',(35.840000000000,61.120000000000,39.200000000000));
#1998 = CARTESIAN_POINT('',(34.240000000000,62.320000000000,39.200000000000));
#1999 = CARTESIAN_POINT('',(32.640000000000,63.520000000000,39.200000000000));
#2000 = CARTESIAN_POINT('',(31.040000000000,64.720000000000,39.200000000000));
#2001 = CARTESIAN_POINT('',(29.440000000000,65.920000000000,39.200000000000));
#2002 = CARTESIAN_POINT('',(27.840000000000,67.120000000000,39.200000000000));
#2003 = CARTESIAN_POINT('',(26.240000000000,68.320000000000,39.200000000000));
#2004 = CARTESIAN_POINT('',(24.601414453499,69.548939159876,39.201455273246));
#2005 = CARTESIAN_POINT('',(23.560272642436,70.329795518173,39.286142883606));
#2006 = CARTESIAN_POINT('',(22.491277940382,71.131541544714,39.540940656874));
#2007 = CARTESIAN_POINT('',(21.420341604125,71.934743796906,39.979675821264));
#2008 = CARTESIAN_POINT('',(20.377323110423,72.717007667183,40.607905042583));
#2009 = CARTESIAN_POINT('',(19.393847957503,73.454614031872,41.421030970673));
#2010 = CARTESIAN_POINT('',(18.500504213963,74.124621839527,42.403549667961));
#2011 = CARTESIAN_POINT('',(17.723873699971,74.707094725022,43.529763119190));
#2012 = CARTESIAN_POINT('',(17.083963712689,75.187027215483,44.765957336667));
#2013 = CARTESIAN_POINT('',(16.592542830251,75.555592877312,46.073672618942));
#2014 = CARTESIAN_POINT('',(16.252659609308,75.810505293019,47.413423384552));
#2015 = CARTESIAN_POINT('',(16.059322202923,75.955508347808,48.748163196284));
#2016 = CARTESIAN_POINT('',(16.000000000000,76.000000000000,50.000000000000));
#2017 = CARTESIAN_POINT('',(16.000000000000,76.000000000000,52.000000000000));
#2018 = CARTESIAN_POINT('',(16.000000000000,76.000000000000,54.000000000000));
#2019 = CARTESIAN_POINT('',(16.000000000000,76.000000000000,56.000000000000));
#2020 = CARTESIAN_POINT('',(16.000000000000,76.000000000000,58.000000000000));
#2021 = CARTESIAN_POINT('',(16.000000000000,76.000000000000,60.000000000000));
#2022 = CARTESIAN_POINT('',(16.000000000000,76.000000000000,62.000000000000));
#2023 = CARTESIAN_POINT('',(16.000000000000,76.000000000000,64.000000000000));
#2024 = CARTESIAN_POINT('',(16.000000000000,76.000000000000,66.000000000000));
#2025 = CARTESIAN_POINT('',(16.000000000000,76.000000000000,68.000000000000));
#2026 = CARTESIAN_POINT('',(16.000000000000,76.000000000000,70.000000000000));
#2027 = CARTESIAN_POINT('',(16.000000000000,76.000000000000,72.000000000000));
#2028 = CARTESIAN_POINT('',(16.000000000000,76.000000000000,74.000000000000));
#2029 = CARTESIAN_POINT('',(16.000000000000,76.000000000000,76.000000000000));
#2030 = CARTESIAN_POINT('',(16.000000000000,76.000000000000,78.000000000000));
#2031 = CARTESIAN_POINT('',(16.000000000000,76.000000000000,80.000000000000));
#2032 = CARTESIAN_POINT('',(0.000000000000,0.000000000000,4.000000000000));
#2033 = CARTESIAN_POINT('',(2.000000000000,0.000000000000,4.000000000000));
#2034 = CARTESIAN_POINT('',(4.000000000000,0.000000000000,4.000000000000));
#2035 = CARTESIAN_POINT('',(6.000000000000,0.000000000000,4.000000000000));
#2036 = CARTESIAN_POINT('',(8.000000000000,0.000000000000,4.000000000000));
#2037 = CARTESIAN_POINT('',(10.000000000000,0.000000000000,4.000000000000));
#2038 = CARTESIAN_POINT('',(12.000000000000,0.000000000000,4.000000000000));
#2039 = CARTESIAN_POINT('',(14.000000000000,0.000000000000,4.000000000000));
#2040 = CARTESIAN_POINT('',(16.000000000000,0.000000000000,4.000000000000));
#2041 = CARTESIAN_POINT('',(18.000000000000,0.000000000000,4.000000000000));
#2042 = CARTESIAN_POINT('',(20.000000000000,0.000000000000,4.000000000000));
#2043 = CARTESIAN_POINT('',(22.000000000000,0.000000000000,4.000000000000));
#2044 = CARTESIAN_POINT('',(24.000000000000,0.000000000000,4.000000000000));
#2045 = CARTESIAN_POINT('',(26.000000000000,0.000000000000,4.000000000000));
#2046 = CARTESIAN_POINT('',(28.000000000000,0.000000000000,4.000000000000));
#2047 = CARTESIAN_POINT('',(30.000000000000,0.000000000000,4.000000000000));
#2048 = CARTESIAN_POINT('',(32.000000000000,0.000000000000,4.000000000000));
#2049 = CARTESIAN_POINT('',(34.000000000000,0.000000000000,4.000000000000));
#2050 = CARTESIAN_POINT('',(36.000000000000,0.000000000000,4.000000000000));
#2051 = CARTESIAN_POINT('',(38.000000000000,0.000000000000,4.000000000000));
#2052 = CARTESIAN_POINT('',(40.000000000000,0.000000000000,4.000000000000));
#2053 = CARTESIAN_POINT('',(42.000000000000,0.000000000000,4.000000000000));
#2054 = CARTESIAN_POINT('',(44.000000000000,0.000000000000,4.000000000000));
#2055 = CARTESIAN_POINT('',(46.000000000000,0.000000000000,4.000000000000));
#2056 = CARTESIAN_POINT('',(48.000000000000,0.000000000000,4.000000000000));
#2057 = CARTESIAN_POINT('',(50.000000000000,0.000000000000,4.000000000000));
#2058 = CARTESIAN_POINT('',(51.203604870590,0.072697480408,4.000000000000));
#2059 = CARTESIAN_POINT('',(52.440522289084,0.302379108437,4.000000000000));
#2060 = CARTESIAN_POINT('',(53.680947095619,0.702116989376,4.000000000000));
#2061 = CARTESIAN_POINT('',(54.890416764109,1.277395808973,4.000000000000));
#2062 = CARTESIAN_POINT('',(56.032307532947,2.024332891353,4.000000000000));
#2063 = CARTESIAN_POINT('',(57.071067811865,2.928932188135,4.000000000000));
#2064 = CARTESIAN_POINT('',(57.975667108647,3.967692467053,4.000000000000));
#2065 = CARTESIAN_POINT('',(58.722604191027,5.109583235891,4.000000000000));
#2066 = CARTESIAN_POINT('',(59.297883010624,6.319052904381,4.000000000000));
#2067 = CARTESIAN_POINT('',(59.697620891563,7.559477710916,4.000000000000));
#2068 = CARTESIAN_POINT('',(59.927302519592,8.796395129410,4.000000000000));
#2069 = CARTESIAN_POINT('',(60.000000000000,10.000000000000,4.000000000000));
#2070 = CARTESIAN_POINT('',(60.000000000000,12.000000000000,4.000000000000));
#2071 = CARTESIAN_POINT('',(60.000000000000,14.000000000000,4.000000000000));
#2072 = CARTESIAN_POINT('',(60.000000000000,16.000000000000,4.000000000000));
#2073 = CARTESIAN_POINT('',(60.000000000000,18.000000000000,4.000000000000));
#2074 = CARTESIAN_POINT('',(60.000000000000,20.000000000000,4.000000000000));
#2075 = CARTESIAN_POINT('',(60.000000000000,22.000000000000,4.000000000000));
#2076 = CARTESIAN_POINT('',(60.000000000000,24.000000000000,4.000000000000));
#2077 = CARTESIAN_POINT('',(60.000000000000,26.000000000000,4.000000000000));
#2078 = CARTESIAN_POINT('',(60.000000000000,28.000000000000,4.000000000000));
#2079 = CARTESIAN_POINT('',(60.000000000000,30.000000000000,4.000000000000));
#2080 = CARTESIAN_POINT('',(60.000000000000,32.000000000000,4.000000000000));
#2081 = CARTESIAN_POINT('',(60.000000000000,34.000000000000,4.000000000000));
#2082 = CARTESIAN_POINT('',(60.000000000000,36.000000000000,4.000000000000));
#2083 = CARTESIAN_POINT('',(60.000000000000,38.000000000000,4.000000000000));
#2084 = CARTESIAN_POINT('',(60.000000000000,39.758840334370,3.992723633771));
#2085 = CARTESIAN_POINT('',(60.000000000000,40.473333238768,4.005470464418));
#2086 = CARTESIAN_POINT('',(60.000000000000,41.213620861889,4.109571366249));
#2087 = CARTESIAN_POINT('',(60.000000000000,41.962817599497,4.314322829933));
#2088 = CARTESIAN_POINT('',(60.000000000000,42.700770024796,4.624849640920));
#2089 = CARTESIAN_POINT('',(60.000000000000,43.405394932081,5.040842494754));
#2090 = CARTESIAN_POINT('',(60.000000000000,44.054558208465,5.555844789001));
#2091 = CARTESIAN_POINT('',(60.000000000000,44.628213276699,6.157339206365));
#2092 = CARTESIAN_POINT('',(60.000000000000,45.110398350470,6.827712732013));
#2093 = CARTESIAN_POINT('',(60.000000000000,45.490690752812,7.545954331576));
#2094 = CARTESIAN_POINT('',(60.000000000000,45.764847907554,8.289749342739));
#2095 = CARTESIAN_POINT('',(60.000000000000,45.934578885821,9.037554795039));
#2096 = CARTESIAN_POINT('',(60.000000000000,46.000000000000,10.000000000000));
#2097 = CARTESIAN_POINT('',(60.000000000000,46.000000000000,12.000000000000));
#2098 = CARTESIAN_POINT('',(60.000000000000,46.000000000000,14.000000000000));
#2099 = CARTESIAN_POINT('',(60.000000000000,46.000000000000,16.000000000000));
#2100 = CARTESIAN_POINT('',(60.000000000000,46.000000000000,18.000000000000));
#2101 = CARTESIAN_POINT('',(60.000000000000,46.000000000000,20.000000000000));
#2102 = CARTESIAN_POINT('',(60.000000000000,46.000000000000,22.000000000000));
#2103 = CARTESIAN_POINT('',(60.000000000000,46.000000000000,24.000000000000));
#2104 = CARTESIAN_POINT('',(60.000000000000,46.000000000000,26.000000000000));
#2105 = CARTESIAN_POINT('',(60.000000000000,46.000000000000,28.000000000000));
#2106 = CARTESIAN_POINT('',(59.996507344210,46.002619491842,30.144695799378));
#2107 = CARTESIAN_POINT('',(59.909573047998,46.067820214002,31.641767849684));
#2108 = CARTESIAN_POINT('',(59.665548997001,46.250838252249,33.176663145400));
#2109 = CARTESIAN_POINT('',(59.252165211967,46.560876091025,34.711824793292));
#2110 = CARTESIAN_POINT('',(58.664861192156,47.001354105883,36.204204807696));
#2111 = CARTESIAN_POINT('',(57.908458296550,47.568656277588,37.608455093467));
#2112 = CARTESIAN_POINT('',(56.997772297908,48.251670776569,38.880973573906));
#2113 = CARTESIAN_POINT('',(55.956876461228,49.032342654079,39.984139407815));
#2114 = CARTESIAN_POINT('',(54.817035569426,49.887223322931,40.889927695361));
#2115 = CARTESIAN_POINT('',(53.613670361548,50.789747228839,41.582198365312));
#2116 = CARTESIAN_POINT('',(52.382948214542,51.712788839094,42.057284681969));
#2117 = CARTESIAN_POINT('',(51.158640535975,52.631019598019,42.322936699854));
#2118 = CARTESIAN_POINT('',(50.080000000000,53.440000000000,42.400000000000));
#2119 = CARTESIAN_POINT('',(48.480000000000,54.640000000000,42.400000000000));
#2120 = CARTESIAN_POINT('',(46.880000000000,55.840000000000,42.400000000000));
#2121 = CARTESIAN_POINT('',(45.280000000000,57.040000000000,42.400000000000));
#2122 = CARTESIAN_POINT('',(43.680000000000,58.240000000000,42.400000000000));
#2123 = CARTESIAN_POINT('',(42.080000000000,59.440000000000,42.400000000000));
#2124 = CARTESIAN_POINT('',(40.480000000000,60.640000000000,42.400000000000));
#2125 = CARTESIAN_POINT('',(38.880000000000,61.840000000000,42.400000000000));
#2126 = CARTESIAN_POINT('',(37.280000000000,63.040000000000,42.400000000000));
#2127 = CARTESIAN_POINT('',(35.680000000000,64.240000000000,42.400000000000));
#2128 = CARTESIAN_POINT('',(34.080000000000,65.440000000000,42.400000000000));
#2129 = CARTESIAN_POINT('',(32.480000000000,66.640000000000,42.400000000000));
#2130 = CARTESIAN_POINT('',(30.880000000000,67.840000000000,42.400000000000));
#2131 = CARTESIAN_POINT('',(29.280000000000,69.040000000000,42.400000000000));
#2132 = CARTESIAN_POINT('',(27.680000000000,70.240000000000,42.400000000000));
#2133 = CARTESIAN_POINT('',(26.195756639502,71.353182520373,42.395634180263));
#2134 = CARTESIAN_POINT('',(25.467646486803,71.899265134898,42.432361270814));
#2135 = CARTESIAN_POINT('',(24.716494853787,72.462628859660,42.586694463124));
#2136 = CARTESIAN_POINT('',(23.959944481644,73.030041638767,42.869440493710));
#2137 = CARTESIAN_POINT('',(23.218697023583,73.585977232313,43.285868108141));
#2138 = CARTESIAN_POINT('',(22.515072022058,74.113695983456,43.834238653394));
#2139 = CARTESIAN_POINT('',(21.871070360140,74.596697229895,44.505079748654));
#2140 = CARTESIAN_POINT('',(21.306244152417,75.020316885687,45.281480510640));
#2141 = CARTESIAN_POINT('',(20.835775450646,75.373168412016,46.140460933565));
#2142 = CARTESIAN_POINT('',(20.469145875251,75.648140593562,47.055193760698));
#2143 = CARTESIAN_POINT('',(20.209634319074,75.842774260695,47.997640690010));
#2144 = CARTESIAN_POINT('',(20.054665328537,75.959001003597,48.941090928787));
#2145 = CARTESIAN_POINT('',(20.000000000000,76.000000000000,50.000000000000));
#2146 = CARTESIAN_POINT('',(20.000000000000,76.000000000000,52.000000000000));
#2147 = CARTESIAN_POINT('',(20.000000000000,76.000000000000,54.000000000000));
#2148 = CARTESIAN_POINT('',(20.000000000000,76.000000000000,56.000000000000));
#2149 = CARTESIAN_POINT('',(20.000000000000,76.000000000000,58.000000000000));
#2150 = CARTESIAN_POINT('',(20.000000000000,76.000000000000,60.000000000000));
#2151 = CARTESIAN_POINT('',(20.000000000000,76.000000000000,62.000000000000));
#2152 = CARTESIAN_POINT('',(20.000000000000,76.000000000000,64.000000000000));
#2153 = CARTESIAN_POINT('',(20.000000000000,76.000000000000,66.000000000000));
#2154 = CARTESIAN_POINT('',(20.000000000000,76.000000000000,68.000000000000));
#2155 = CARTESIAN_POINT('',(20.000000000000,76.000000000000,70.000000000000));
#2156 = CARTESIAN_POINT('',(20.000000000000,76.000000000000,72.000000000000));
#2157 = CARTESIAN_POINT('',(20.000000000000,76.000000000000,74.000000000000));
#2158 = CARTESIAN_POINT('',(20.000000000000,76.000000000000,76.000000000000));
#2159 = CARTESIAN_POINT('',(20.000000000000,76.000000000000,78.000000000000));
#2160 = CARTESIAN_POINT('',(20.000000000000,76.000000000000,80.000000000000));
#2161 = ( BOUNDED_SURFACE() B_SPLINE_SURFACE(2,1,((#1774,#1775,#1776,#1777,#1778,#1779,#1780,#1781,#1782,#1783,#1784,#1785,#1786,#1787,#1788,#1789,#1790,#1791,#1792,#1793,#1794,#1795,#1796,#1797,#1798,#1799,#1800,#1801,#1802,#1803,#1804,#1805,#1806,#1807,#1808,#1809,#1810,#1811,#1812,#1813,#1814,#1815,#1816,#1817,#1818,#1819,#1820,#1821,#1822,#1823,#1824,#1825,#1826,#1827,#1828,#1829,#1830,#1831,#1832,#1833,#1834,#1835,#1836,#1837,#1838,#1839,#1840,#1841,#1842,#1843,#1844,#1845,#1846,#1847,#1848,#1849,#1850,#1851,#1852,#1853,#1854,#1855,#1856,#1857,#1858,#1859,#1860,#1861,#1862,#1863,#1864,#1865,#1866,#1867,#1868,#1869,#1870,#1871,#1872,#1873,#1874,#1875,#1876,#1877,#1878,#1879,#1880,#1881,#1882,#1883,#1884,#1885,#1886,#1887,#1888,#1889,#1890,#1891,#1892,#1893,#1894,#1895,#1896,#1897,#1898,#1899,#1900,#1901,#1902),(#1903,#1904,#1905,#1906,#1907,#1908,#1909,#1910,#1911,#1912,#1913,#1914,#1915,#1916,#1917,#1918,#1919,#1920,#1921,#1922,#1923,#1924,#1925,#1926,#1927,#1928,#1929,#1930,#1931,#1932,#1933,#1934,#1935,#1936,#1937,#1938,#1939,#1940,#1941,#1942,#1943,#1944,#1945,#1946,#1947,#1948,#1949,#1950,#1951,#1952,#1953,#1954,#1955,#1956,#1957,#1958,#1959,#1960,#1961,#1962,#1963,#1964,#1965,#1966,#1967,#1968,#1969,#1970,#1971,#1972,#1973,#1974,#1975,#1976,#1977,#1978,#1979,#1980,#1981,#1982,#1983,#1984,#1985,#1986,#1987,#1988,#1989,#1990,#1991,#1992,#1993,#1994,#1995,#1996,#1997,#1998,#1999,#2000,#2001,#2002,#2003,#2004,#2005,#2006,#2007,#2008,#2009,#2010,#2011,#2012,#2013,#2014,#2015,#2016,#2017,#2018,#2019,#2020,#2021,#2022,#2023,#2024,#2025,#2026,#2027,#2028,#2029,#2030,#2031),(#2032,#2033,#2034,#2035,#2036,#2037,#2038,#2039,#2040,#2041,#2042,#2043,#2044,#2045,#2046,#2047,#2048,#2049,#2050,#2051,#2052,#2053,#2054,#2055,#2056,#2057,#2058,#2059,#2060,#2061,#2062,#2063,#2064,#2065,#2066,#2067,#2068,#2069,#2070,#2071,#2072,#2073,#2074,#2075,#2076,#2077,#2078,#2079,#2080,#2081,#2082,#2083,#2084,#2085,#2086,#2087,#2088,#2089,#2090,#2091,#2092,#2093,#2094,#2095,#2096,#2097,#2098,#2099,#2100,#2101,#2102,#2103,#2104,#2105,#2106,#2107,#2108,#2109,#2110,#2111,#2112,#2113,#2114,#2115,#2116,#2117,#2118,#2119,#2120,#2121,#2122,#2123,#2124,#2125,#2126,#2127,#2128,#2129,#2130,#2131,#2132,#2133,#2134,#2135,#2136,#2137,#2138,#2139,#2140,#2141,#2142,#2143,#2144,#2145,#2146,#2147,#2148,#2149,#2150,#2151,#2152,#2153,#2154,#2155,#2156,#2157,#2158,#2159,#2160)),.UNSPECIFIED.,.F.,.F.,.F.) B_SPLINE_SURFACE_WITH_KNOTS((3,3),(2,1,1,1,1,1,1,1,1,1,1,1,1,1,1,1,1,1,1,1,1,1,1,1,1,1,1,1,1,1,1,1,1,1,1,1,1,1,1,1,1,1,1,1,1,1,1,1,1,1,1,1,1,1,1,1,1,1,1,1,1,1,1,1,1,1,1,1,1,1,1,1,1,1,1,1,1,1,1,1,1,1,1,1,1,1,1,1,1,1,1,1,1,1,1,1,1,1,1,1,1,1,1,1,1,1,1,1,1,1,1,1,1,1,1,1,1,1,1,1,1,1,1,1,1,1,1,1,2),(0.000000000000,1.000000000000),(0.000000000000,0.007812500000,0.015625000000,0.023437500000,0.031250000000,0.039062500000,0.046875000000,0.054687500000,0.062500000000,0.070312500000,0.078125000000,0.085937500000,0.093750000000,0.101562500000,0.109375000000,0.117187500000,0.125000000000,0.132812500000,0.140625000000,0.148437500000,0.156250000000,0.164062500000,0.171875000000,0.179687500000,0.187500000000,0.195312500000,0.203125000000,0.210937500000,0.218750000000,0.226562500000,0.234375000000,0.242187500000,0.250000000000,0.257812500000,0.265625000000,0.273437500000,0.281250000000,0.289062500000,0.296875000000,0.304687500000,0.312500000000,0.320312500000,0.328125000000,0.335937500000,0.343750000000,0.351562500000,0.359375000000,0.367187500000,0.375000000000,0.382812500000,0.390625000000,0.398437500000,0.406250000000,0.414062500000,0.421875000000,0.429687500000,0.437500000000,0.445312500000,0.453125000000,0.460937500000,0.468750000000,0.476562500000,0.484375000000,0.492187500000,0.500000000000,0.507812500000,0.515625000000,0.523437500000,0.531250000000,0.539062500000,0.546875000000,0.554687500000,0.562500000000,0.570312500000,0.578125000000,0.585937500000,0.593750000000,0.601562500000,0.609375000000,0.617187500000,0.625000000000,0.632812500000,0.640625000000,0.648437500000,0.656250000000,0.664062500000,0.671875000000,0.679687500000,0.687500000000,0.695312500000,0.703125000000,0.710937500000,0.718750000000,0.726562500000,0.734375000000,0.742187500000,0.750000000000,0.757812500000,0.765625000000,0.773437500000,0.781250000000,0.789062500000,0.796875000000,0.804687500000,0.812500000000,0.820312500000,0.828125000000,0.835937500000,0.843750000000,0.851562500000,0.859375000000,0.867187500000,0.875000000000,0.882812500000,0.890625000000,0.898437500000,0.906250000000,0.914062500000,0.921875000000,0.929687500000,0.937500000000,0.945312500000,0.953125000000,0.960937500000,0.968750000000,0.976562500000,0.984375000000,0.992187500000,1.000000000000),.UNSPECIFIED.) GEOMETRIC_REPRESENTATION_ITEM() RATIONAL_B_SPLINE_SURFACE(((1.000000000000,1.000000000000,1.000000000000,1.000000000000,1.000000000000,1.000000000000,1.000000000000,1.000000000000,1.000000000000,1.000000000000,1.000000000000,1.000000000000,1.000000000000,1.000000000000,1.000000000000,1.000000000000,1.000000000000,1.000000000000,1.000000000000,1.000000000000,1.000000000000,1.000000000000,1.000000000000,1.000000000000,1.000000000000,1.000000000000,1.000000000000,1.000000000000,1.000000000000,1.000000000000,1.000000000000,1.000000000000,1.000000000000,1.000000000000,1.000000000000,1.000000000000,1.000000000000,1.000000000000,1.000000000000,1.000000000000,1.000000000000,1.000000000000,1.000000000000,1.000000000000,1.000000000000,1.000000000000,1.000000000000,1.000000000000,1.000000000000,1.000000000000,1.000000000000,1.000000000000,1.000000000000,1.000000000000,1.000000000000,1.000000000000,1.000000000000,1.000000000000,1.000000000000,1.000000000000,1.000000000000,1.000000000000,1.000000000000,1.000000000000,1.000000000000,1.000000000000,1.000000000000,1.000000000000,1.000000000000,1.000000000000,1.000000000000,1.000000000000,1.000000000000,1.000000000000,1.000000000000,1.000000000000,1.000000000000,1.000000000000,1.000000000000,1.000000000000,1.000000000000,1.000000000000,1.000000000000,1.000000000000,1.000000000000,1.000000000000,1.000000000000,1.000000000000,1.000000000000,1.000000000000,1.000000000000,1.000000000000,1.000000000000,1.000000000000,1.000000000000,1.000000000000,1.000000000000,1.000000000000,1.000000000000,1.000000000000,1.000000000000,1.000000000000,1.000000000000,1.000000000000,1.000000000000,1.000000000000,1.000000000000,1.000000000000,1.000000000000,1.000000000000,1.000000000000,1.000000000000,1.000000000000,1.000000000000,1.000000000000,1.000000000000,1.000000000000,1.000000000000,1.000000000000,1.000000000000,1.000000000000,1.000000000000,1.000000000000,1.000000000000,1.000000000000,1.000000000000,1.000000000000,1.000000000000,1.000000000000),(0.707106781187,0.707106781187,0.707106781187,0.707106781187,0.707106781187,0.707106781187,0.707106781187,0.707106781187,0.707106781187,0.707106781187,0.707106781187,0.707106781187,0.707106781187,0.707106781187,0.707106781187,0.707106781187,0.707106781187,0.707106781187,0.707106781187,0.707106781187,0.707106781187,0.707106781187,0.707106781187,0.707106781187,0.707106781187,0.707106781187,0.707106781187,0.707106781187,0.707106781187,0.707106781187,0.707106781187,0.707106781187,0.707106781187,0.707106781187,0.707106781187,0.707106781187,0.707106781187,0.707106781187,0.707106781187,0.707106781187,0.707106781187,0.707106781187,0.707106781187,0.707106781187,0.707106781187,0.707106781187,0.707106781187,0.707106781187,0.707106781187,0.707106781187,0.707106781187,0.707106781187,0.707106781187,0.707106781187,0.707106781187,0.707106781187,0.707106781187,0.707106781187,0.707106781187,0.707106781187,0.707106781187,0.707106781187,0.707106781187,0.707106781187,0.707106781187,0.707106781187,0.707106781187,0.707106781187,0.707106781187,0.707106781187,0.707106781187,0.707106781187,0.707106781187,0.707106781187,0.707106781187,0.707106781187,0.707106781187,0.707106781187,0.707106781187,0.707106781187,0.707106781187,0.707106781187,0.707106781187,0.707106781187,0.707106781187,0.707106781187,0.707106781187,0.707106781187,0.707106781187,0.707106781187,0.707106781187,0.707106781187,0.707106781187,0.707106781187,0.707106781187,0.707106781187,0.707106781187,0.707106781187,0.707106781187,0.707106781187,0.707106781187,0.707106781187,0.707106781187,0.707106781187,0.707106781187,0.707106781187,0.707106781187,0.707106781187,0.707106781187,0.707106781187,0.707106781187,0.707106781187,0.707106781187,0.707106781187,0.707106781187,0.707106781187,0.707106781187,0.707106781187,0.707106781187,0.707106781187,0.707106781187,0.707106781187,0.707106781187,0.707106781187,0.707106781187,0.707106781187,0.707106781187,0.707106781187,0.707106781187),(1.000000000000,1.000000000000,1.000000000000,1.000000000000,1.000000000000,1.000000000000,1.000000000000,1.000000000000,1.000000000000,1.000000000000,1.000000000000,1.000000000000,1.000000000000,1.000000000000,1.000000000000,1.000000000000,1.000000000000,1.000000000000,1.000000000000,1.000000000000,1.000000000000,1.000000000000,1.000000000000,1.000000000000,1.000000000000,1.000000000000,1.000000000000,1.000000000000,1.000000000000,1.000000000000,1.000000000000,1.000000000000,1.000000000000,1.000000000000,1.000000000000,1.000000000000,1.000000000000,1.000000000000,1.000000000000,1.000000000000,1.000000000000,1.000000000000,1.000000000000,1.000000000000,1.000000000000,1.000000000000,1.000000000000,1.000000000000,1.000000000000,1.000000000000,1.000000000000,1.000000000000,1.000000000000,1.000000000000,1.000000000000,1.000000000000,1.000000000000,1.000000000000,1.000000000000,1.000000000000,1.000000000000,1.000000000000,1.000000000000,1.000000000000,1.000000000000,1.000000000000,1.000000000000,1.000000000000,1.000000000000,1.000000000000,1.000000000000,1.000000000000,1.000000000000,1.000000000000,1.000000000000,1.000000000000,1.000000000000,1.000000000000,1.000000000000,1.000000000000,1.000000000000,1.000000000000,1.000000000000,1.000000000000,1.000000000000,1.000000000000,1.000000000000,1.000000000000,1.000000000000,1.000000000000,1.000000000000,1.000000000000,1.000000000000,1.000000000000,1.000000000000,1.000000000000,1.000000000000,1.000000000000,1.000000000000,1.000000000000,1.000000000000,1.000000000000,1.000000000000,1.000000000000,1.000000000000,1.000000000000,1.000000000000,1.000000000000,1.000000000000,1.000000000000,1.000000000000,1.000000000000,1.000000000000,1.000000000000,1.000000000000,1.000000000000,1.000000000000,1.000000000000,1.000000000000,1.000000000000,1.000000000000,1.000000000000,1.000000000000,1.000000000000,1.000000000000,1.000000000000,1.000000000000,1.000000000000,1.000000000000))) REPRESENTATION_ITEM('') SURFACE() );
#2162 = CARTESIAN_POINT('',(0.000000000000,4.000000000000,-0.000000000000));
#2163 = CARTESIAN_POINT('',(0.000000000000,4.000000000000,4.000000000000));
#2164 = CARTESIAN_POINT('',(0.000000000000,0.000000000000,4.000000000000));
#2165 = ( BOUNDED_CURVE() B_SPLINE_CURVE(2,(#2162,#2163,#2164),.UNSPECIFIED.,.F.,.F.) B_SPLINE_CURVE_WITH_KNOTS((3,3),(0.000000000000,1.000000000000),.UNSPECIFIED.) GEOMETRIC_REPRESENTATION_ITEM() RATIONAL_B_SPLINE_CURVE((1.000000000000,0.707106781187,1.000000000000)) REPRESENTATION_ITEM('') );
#2166 = EDGE_CURVE('',#1623,#408,#2165,.T.);
#2167 = ORIENTED_EDGE('',*,*,#2166,.T.);
#2168 = ORIENTED_EDGE('',*,*,#689,.T.);
#2169 = CARTESIAN_POINT('',(16.000000000000,80.000000000000,80.000000000000));
#2170 = CARTESIAN_POINT('',(16.000000000000,76.000000000000,80.000000000000));
#2171 = CARTESIAN_POINT('',(20.000000000000,76.000000000000,80.000000000000));
#2172 = ( BOUNDED_CURVE() B_SPLINE_CURVE(2,(#2169,#2170,#2171),.UNSPECIFIED.,.F.,.F.) B_SPLINE_CURVE_WITH_KNOTS((3,3),(0.000000000000,1.000000000000),.UNSPECIFIED.) GEOMETRIC_REPRESENTATION_ITEM() RATIONAL_B_SPLINE_CURVE((1.000000000000,0.707106781187,1.000000000000)) REPRESENTATION_ITEM('') );
#2173 = EDGE_CURVE('',#1631,#552,#2172,.T.);
#2174 = ORIENTED_EDGE('',*,*,#2173,.F.);
#2175 = ORIENTED_EDGE('',*,*,#1762,.F.);
#2176 = EDGE_LOOP('',(#2167,#2168,#2174,#2175));
#2177 = FACE_OUTER_BOUND('',#2176,.T.);
#2178 = ADVANCED_FACE('',(#2177) ,#2161,.T.);
#2179 = CARTESIAN_POINT('',(0.000000000000,-6.000000000000,-6.000000000000));
#2180 = CARTESIAN_POINT('',(0.000000000000,6.000000000000,-6.000000000000));
#2181 = CARTESIAN_POINT('',(0.000000000000,-6.000000000000,6.000000000000));
#2182 = CARTESIAN_POINT('',(0.000000000000,6.000000000000,6.000000000000));
#2183 = B_SPLINE_SURFACE_WITH_KNOTS('',1,1,((#2179,#2180),(#2181,#2182)),.UNSPECIFIED.,.F.,.F.,.F.,(2,2),(2,2),(0.000000000000,1.000000000000),(0.000000000000,1.000000000000),.UNSPECIFIED.);
#2184 = ORIENTED_EDGE('',*,*,#2166,.F.);
#2185 = ORIENTED_EDGE('',*,*,#1628,.F.);
#2186 = ORIENTED_EDGE('',*,*,#1088,.F.);
#2187 = ORIENTED_EDGE('',*,*,#415,.F.);
#2188 = EDGE_LOOP('',(#2184,#2185,#2186,#2187));
#2189 = FACE_OUTER_BOUND('',#2188,.T.);
#2190 = ADVANCED_FACE('',(#2189) ,#2183,.T.);
#2191 = CARTESIAN_POINT('',(14.000000000000,86.000000000000,80.000000000000));
#2192 = CARTESIAN_POINT('',(26.000000000000,86.000000000000,80.000000000000));
#2193 = CARTESIAN_POINT('',(14.000000000000,74.000000000000,80.000000000000));
#2194 = CARTESIAN_POINT('',(26.000000000000,74.000000000000,80.000000000000));
#2195 = B_SPLINE_SURFACE_WITH_KNOTS('',1,1,((#2191,#2192),(#2193,#2194)),.UNSPECIFIED.,.F.,.F.,.F.,(2,2),(2,2),(0.000000000000,1.000000000000),(0.000000000000,1.000000000000),.UNSPECIFIED.);
#2196 = ORIENTED_EDGE('',*,*,#557,.T.);
#2197 = ORIENTED_EDGE('',*,*,#1228,.T.);
#2198 = ORIENTED_EDGE('',*,*,#1768,.T.);
#2199 = ORIENTED_EDGE('',*,*,#2173,.T.);
#2200 = EDGE_LOOP('',(#2196,#2197,#2198,#2199));
#2201 = FACE_OUTER_BOUND('',#2200,.T.);
#2202 = ADVANCED_FACE('',(#2201) ,#2195,.T.);
#2203 = CLOSED_SHELL('',(#693,#1233,#1773,#2178,#2190,#2202));
#2204 = MANIFOLD_SOLID_BREP('ZENITH_POLYLINE_PIPE',#2203);
#2205 = ADVANCED_BREP_SHAPE_REPRESENTATION('ZENITH_POLYLINE_PIPE',(#2204,#18),#13);
#2206 = SHAPE_DEFINITION_REPRESENTATION(#8,#2205);
ENDSEC;
END-ISO-10303-21;
